t,err_vx,err_vy,err_lin,err_yaw
0.000000,-0.006071,-0.005315,0.008069,-0.061098
0.019799,-0.001351,-0.001065,0.001720,0.002238
0.040067,0.000708,0.001416,0.001583,0.021054
0.060070,-0.000562,-0.002405,0.002470,0.002358
0.080026,-0.000042,-0.000813,0.000814,-0.000914
0.100004,0.003831,-0.011068,0.011712,-0.043581
0.119911,-0.000111,-0.017877,0.017877,-0.049871
0.139726,-0.008392,0.006223,0.010448,-0.151404
0.159735,0.039542,-0.013969,0.041937,0.044648
0.179894,0.043053,-0.008340,0.043853,0.049840
0.199862,0.063022,-0.005606,0.063271,0.049384
0.219764,0.077026,-0.020779,0.079780,-0.068359
0.239879,0.106843,-0.019375,0.108586,0.024057
0.259840,0.119065,-0.026082,0.121888,0.085290
0.280042,0.147838,-0.022096,0.149480,0.151066
0.299728,0.175733,-0.023775,0.177334,-0.008461
0.319749,0.192911,0.070674,0.205449,-0.276621
0.339723,0.208131,0.123442,0.241984,-0.310887
0.359723,0.281088,0.012883,0.281383,0.171567
0.379864,0.290299,0.062910,0.297037,-0.086572
0.399892,0.204418,-0.017974,0.205207,-0.969001
0.419898,0.267857,0.148758,0.306392,0.579923
0.439732,0.218087,0.179786,0.282639,0.561548
0.459889,0.202067,0.144441,0.248383,0.072758
0.480072,0.123412,0.199148,0.234287,-0.810441
0.500196,0.214530,0.160261,0.267781,0.003985
0.519994,0.185619,0.163171,0.247142,-0.176080
0.540096,0.144202,0.190172,0.238662,-0.106095
0.559965,0.140229,0.159530,0.212401,0.109781
0.579815,0.143111,0.131327,0.194236,0.302746
0.599760,0.175484,0.099527,0.201743,0.347613
0.619764,0.175394,0.078068,0.191984,0.202630
0.639726,0.177044,0.035741,0.180616,-0.193895
0.659712,0.182631,-0.018067,0.183522,-0.229434
0.679923,0.202167,-0.043919,0.206883,-0.120008
0.699936,0.213212,-0.051649,0.219379,-0.008720
0.719975,0.199716,-0.078182,0.214474,0.105371
0.740033,0.229144,-0.043399,0.233218,0.709832
0.759990,0.206265,-0.085973,0.223465,0.691490
0.779903,0.212248,-0.160875,0.266327,0.071321
0.799886,0.220171,-0.195029,0.294129,0.016314
0.819719,0.216131,-0.202024,0.295848,0.263683
0.839754,0.216840,-0.161813,0.270561,0.608223
0.859771,0.194574,-0.371262,0.419159,-0.614595
0.879924,0.215879,-0.266934,0.343304,0.135122
0.899710,0.194336,-0.189155,0.271194,0.640334
0.919808,0.177791,-0.186401,0.257595,0.551519
0.940088,0.178690,-0.218077,0.281936,0.064719
0.960060,0.188410,-0.195065,0.271199,-0.309289
0.980166,0.175995,-0.156931,0.235800,-0.438471
1.000053,0.147335,-0.006375,0.147473,1.126258
1.019987,0.107454,-0.011977,0.108119,0.577491
1.039968,0.168074,-0.047321,0.174609,-0.399590
1.060150,0.227736,-0.038816,0.231020,-0.361776
1.080019,0.185642,0.017190,0.186436,-0.169111
1.100092,0.142095,0.036393,0.146681,0.237733
1.119933,0.118193,0.055255,0.130471,0.127841
1.139960,0.132664,0.079703,0.154765,0.066803
1.159876,0.110056,0.148847,0.185116,-0.179977
1.180020,0.134374,0.140938,0.194730,-0.018232
1.199919,0.100592,0.186579,0.211968,-0.137588
1.219762,0.077383,0.231678,0.244260,-0.233936
1.240081,0.092610,0.178697,0.201269,-0.095161
1.259931,0.068482,0.159562,0.173637,-0.103688
1.280063,0.051445,0.156416,0.164659,0.025521
1.299914,0.066347,0.061778,0.090656,-0.009346
1.319863,0.074193,-0.040206,0.084387,-0.870170
1.339774,0.075262,0.031131,0.081446,0.014611
1.359855,0.031704,-0.000147,0.031704,-0.024544
1.380027,0.097583,-0.038389,0.104863,-0.005333
1.400177,0.065348,-0.035055,0.074157,0.630074
1.420076,0.037299,-0.188465,0.192120,-1.151563
1.439796,0.109611,-0.091152,0.142560,0.272664
1.459749,0.046475,-0.169378,0.175638,0.460476
1.480046,0.053092,-0.181748,0.189344,-0.204728
1.499773,0.086917,-0.240893,0.256094,-0.134162
1.519924,0.060117,-0.233678,0.241287,0.281995
1.540107,0.012088,-0.369602,0.369800,-1.566444
1.559944,0.089720,-0.264729,0.279519,-0.537073
1.579990,0.025485,-0.135594,0.137968,-0.292594
1.600049,0.068148,-0.146975,0.162006,-0.214457
1.619948,0.080261,-0.120430,0.144725,0.115342
1.639877,0.072835,-0.084684,0.111697,-0.045770
1.659975,0.096607,-0.079975,0.125415,0.107618
1.679923,0.073798,-0.001541,0.073814,-0.152743
1.700177,0.098677,0.001887,0.098695,-0.072166
1.720022,0.095019,-0.008456,0.095395,-0.751538
1.739878,0.106366,-0.027353,0.109827,-0.832038
1.759976,0.116266,0.299465,0.321243,1.602376
1.780265,0.065788,0.049056,0.082064,-0.425855
1.800056,0.128408,0.161153,0.206056,-0.795972
1.819975,0.082952,0.226217,0.240946,-0.260380
1.839881,0.098623,0.171821,0.198113,-0.127717
1.860399,0.075957,0.136982,0.156632,-0.179244
1.880166,0.025088,0.124345,0.126851,-0.051868
1.899923,0.123402,0.101206,0.159595,-0.240275
1.920031,0.090725,0.037843,0.098301,0.193749
1.940042,0.078508,0.014924,0.079914,-0.007062
1.959958,0.089548,-0.017672,0.091275,0.009407
1.979876,0.107386,-0.047772,0.117533,0.073323
1.999997,0.120809,-0.010139,0.121234,2.079352
2.020071,0.147809,-0.200234,0.248880,0.502373
2.039900,0.111239,-0.131410,0.172171,0.364753
2.059791,0.082460,-0.194347,0.211117,-0.427403
2.079768,0.077786,-0.173524,0.190161,0.274893
2.099774,0.087506,-0.166918,0.188465,0.579386
2.119874,0.093452,-0.160845,0.186023,0.933505
2.139735,0.058670,-0.217035,0.224825,0.646143
2.159720,0.078240,-0.290267,0.300627,-1.012848
2.179764,0.098768,-0.133994,0.166462,0.272512
2.199852,0.107144,-0.103509,0.148976,0.389610
2.219717,0.112363,-0.088885,0.143269,0.296237
2.239720,0.124102,-0.064797,0.140000,0.270389
2.259718,0.130155,-0.042368,0.136877,0.200801
2.280068,0.054767,0.007917,0.055336,-0.553434
2.300075,0.155612,0.015460,0.156378,0.340541
2.320018,0.163755,0.007364,0.163920,0.205209
2.339872,0.099179,0.051664,0.111829,-0.386343
2.359871,0.111886,0.086214,0.141249,-0.322355
2.380043,0.126795,0.106357,0.165496,-0.217243
2.399930,0.108588,0.157829,0.191576,-0.257991
2.419910,0.100047,0.280771,0.298063,0.516834
2.439893,0.132926,0.186754,0.229230,-0.404840
2.459762,0.114038,0.178155,0.211527,-0.290990
2.479748,0.086099,0.192823,0.211172,-0.000617
2.500286,0.097908,0.141197,0.171821,0.094052
2.519925,0.078960,0.097541,0.125495,-0.133231
2.539912,0.078106,0.042665,0.088999,-0.198879
2.559951,0.092374,0.062115,0.111316,0.314065
2.579932,0.076370,0.056302,0.094880,0.354530
2.599945,0.072287,-0.007082,0.072633,0.078768
2.620027,0.066873,-0.042260,0.079107,-0.012494
2.639981,0.047865,-0.042956,0.064314,0.179882
2.660032,0.056737,-0.068955,0.089297,0.238211
2.680003,0.030280,-0.083062,0.088409,0.226279
2.700057,0.013583,-0.102786,0.103680,0.281339
2.720094,-0.001364,-0.166923,0.166929,-0.155955
2.739931,-0.019658,-0.174241,0.175346,-0.003167
2.759941,-0.033591,-0.176582,0.179749,0.134665
2.780056,-0.020164,-0.168115,0.169320,0.248773
2.800006,-0.007006,-0.133746,0.133929,0.044027
2.820046,-0.004191,-0.093525,0.093619,-0.011685
2.839991,0.027118,-0.077969,0.082550,-0.000140
2.859849,0.061905,-0.070174,0.093577,-0.027010
2.880060,0.081566,-0.059793,0.101135,-0.025580
2.900109,0.090190,-0.026821,0.094094,0.000440
2.920030,0.112870,-0.011854,0.113491,-0.010001
2.939943,0.129899,0.017179,0.131030,0.040812
2.960016,0.147038,0.042015,0.152923,-0.075562
2.980070,0.163459,0.089371,0.186296,-0.166201
3.000252,0.181616,0.101302,0.207958,-0.140362
3.020129,0.199670,0.154449,0.252433,-0.270421
3.039903,0.233154,0.188039,0.299532,0.043302
3.059960,0.238633,0.196598,0.309187,0.176044
3.079985,0.159369,0.118865,0.198815,-0.891721
3.099993,0.163598,0.139039,0.214700,-0.037376
3.119856,0.150945,0.078907,0.170325,0.015059
3.139919,0.132058,0.060736,0.145355,-0.010996
3.159922,0.108965,0.037958,0.115387,-0.044458
3.179953,0.092515,-0.006173,0.092721,0.033483
3.200362,0.069035,-0.014067,0.070454,0.021637
3.219874,0.048927,-0.042941,0.065098,0.054394
3.239967,0.044614,-0.071211,0.084032,0.130311
3.259936,0.027565,-0.088544,0.092735,0.108593
3.279924,0.011332,-0.094205,0.094884,0.253927
3.300008,-0.016346,-0.096122,0.097502,0.255112
3.319861,0.034352,-0.068536,0.076663,1.177367
3.339880,-0.044431,-0.133229,0.140442,0.272781
3.360166,-0.075681,-0.135415,0.155128,0.256727
3.379974,-0.036445,-0.123637,0.128897,0.180778
3.399951,-0.019643,-0.083726,0.085999,-0.129334
3.419898,0.024809,-0.061605,0.066413,0.048350
3.439967,0.054093,-0.082151,0.098361,-0.099973
3.459874,0.074821,-0.079753,0.109356,-0.080892
3.480004,0.091766,-0.064929,0.112413,-0.174108
3.500377,0.120307,-0.035634,0.125473,-0.082376
3.519929,0.091397,-0.098755,0.134558,-0.890213
3.540107,0.132140,-0.057609,0.144152,-0.600598
3.560072,0.192435,-0.008750,0.192634,-0.163115
3.580023,0.225259,0.043445,0.229410,-0.308226
3.600104,0.240604,0.025911,0.241995,-0.197864
3.620068,0.279559,0.068866,0.287916,-0.324366
3.640110,0.304624,0.080436,0.315065,-0.298607
3.660052,0.263872,0.042058,0.267203,-0.180186
3.680028,0.230738,0.031961,0.232941,-0.078710
3.700175,0.205116,0.016312,0.205764,-0.127803
3.720005,0.229855,0.020805,0.230795,0.818960
3.739947,0.156631,-0.042367,0.162260,-0.009639
3.760141,0.090905,-0.098831,0.134281,-0.571486
3.779962,0.096551,-0.054791,0.111014,-0.138090
3.799916,0.077867,-0.085768,0.115842,-0.141321
3.819935,0.066083,-0.109100,0.127553,-0.197676
3.839976,0.047698,-0.117519,0.126830,-0.202813
3.859899,0.024908,-0.111773,0.114515,-0.274073
3.879980,0.010354,-0.134649,0.135047,-0.241645
3.899968,-0.017177,-0.137217,0.138288,-0.187075
3.920063,-0.033934,-0.142571,0.146554,-0.123276
3.940053,-0.063582,-0.140558,0.154270,-0.028662
3.959963,-0.087709,-0.141217,0.166238,-0.004806
3.980215,-0.088831,-0.150584,0.174833,-0.032989
4.000136,-0.079483,-0.150960,0.170606,-0.098861
4.019965,-0.061346,-0.118671,0.133589,-0.126457
4.039777,-0.035567,-0.123762,0.128771,-0.108752
4.059978,-0.009097,-0.128419,0.128741,-0.074768
4.080000,0.022577,-0.133541,0.135436,-0.204795
4.100339,0.042983,-0.143238,0.149548,-0.302690
4.120206,0.074353,-0.145738,0.163609,-0.325697
4.139870,0.095662,-0.144912,0.173640,-0.351397
4.159957,0.148587,-0.115684,0.188311,-0.283196
4.179930,0.204579,-0.088032,0.222716,-0.004971
4.200108,0.219804,-0.116959,0.248984,-0.318003
4.219854,0.230056,-0.102363,0.251801,-0.580408
4.239992,0.275711,-0.077980,0.286527,-0.561717
4.260043,0.282702,-0.091562,0.297160,-0.496190
4.280133,0.302955,-0.078520,0.312965,-0.427491
4.300169,0.254250,-0.065548,0.262564,-0.254191
4.319955,0.197179,-0.099646,0.220927,-0.357246
4.340067,0.163260,-0.119712,0.202447,-0.447807
4.359947,0.144929,-0.127476,0.193014,-0.405108
4.379945,0.119794,-0.124790,0.172983,-0.335482
4.400027,0.092894,-0.145425,0.172562,-0.276203
4.419868,0.069172,-0.149584,0.164803,-0.204794
4.439874,0.040061,-0.153127,0.158281,-0.072536
4.459872,0.012868,-0.166838,0.167334,-0.034080
4.479991,-0.004626,-0.182783,0.182842,-0.005728
4.500146,-0.029546,-0.193035,0.195283,0.065694
4.519916,-0.073432,-0.210394,0.222841,-0.086016
4.539967,-0.138579,-0.232188,0.270399,-0.646379
4.560064,-0.096284,-0.219873,0.240031,0.149628
4.580145,-0.102550,-0.213396,0.236758,0.174070
4.599976,-0.069945,-0.206502,0.218026,0.084198
4.620031,-0.021339,-0.154846,0.156309,0.677119
4.640067,-0.004991,-0.175656,0.175727,0.297423
4.659920,0.011443,-0.180553,0.180915,-0.097830
4.680077,0.045322,-0.177361,0.183060,-0.039297
4.700178,0.067273,-0.153223,0.167341,0.063323
4.719882,0.092805,-0.143333,0.170755,-0.017990
4.739932,0.103049,-0.122036,0.159724,-0.086355
4.760173,0.127067,-0.119938,0.174732,-0.176180
4.780195,0.147658,-0.090479,0.173174,-0.212831
4.800155,0.161712,-0.077332,0.179251,-0.217607
4.819869,0.182505,-0.062364,0.192866,-0.278096
4.839939,0.196370,-0.045632,0.201602,-0.316318
4.859883,0.221546,-0.008159,0.221696,-0.337980
4.880085,0.226299,-0.023296,0.227495,-0.382195
4.900004,0.211802,-0.005247,0.211867,-0.318754
4.920153,0.172498,-0.001822,0.172508,-0.319631
4.940152,0.153092,-0.060287,0.164535,-0.304508
4.959845,0.138573,-0.072198,0.156253,-0.346979
4.980142,0.109532,-0.086818,0.139766,-0.422487
5.000444,0.085651,-0.113893,0.142505,-0.313317
5.019920,0.076605,-0.137550,0.157443,-0.255384
5.039981,0.064251,-0.152705,0.165671,-0.175048
5.059868,0.028039,-0.179604,0.181779,-0.094338
5.080019,0.021684,-0.209593,0.210712,-0.067151
5.100127,0.004410,-0.232532,0.232574,0.036517
5.120189,-0.033405,-0.258761,0.260908,0.062808
5.139984,-0.039114,-0.278663,0.281395,0.094633
5.159877,-0.054644,-0.299308,0.304255,0.202362
5.180164,-0.061206,-0.314894,0.320787,0.166247
5.200004,-0.075819,-0.315830,0.324803,0.159922
5.220133,-0.065276,-0.278532,0.286079,0.058496
5.240070,-0.016694,-0.246240,0.246805,0.026248
5.259853,0.015774,-0.222056,0.222616,-0.002055
5.280067,0.043641,-0.196120,0.200917,0.007582
5.299998,0.054929,-0.177339,0.185651,0.186167
5.320125,0.071243,-0.138626,0.155861,0.115714
5.340194,0.091105,-0.118444,0.149429,-0.035809
5.360066,0.108535,-0.094399,0.143844,-0.085847
5.380003,0.112324,-0.064266,0.129409,-0.078553
5.400020,0.135000,-0.045841,0.142571,-0.193590
5.419864,0.150440,-0.034967,0.154450,-0.270360
5.439824,0.153047,0.001231,0.153052,-0.258402
5.459728,0.162145,0.045365,0.168372,-0.277698
5.479771,0.169769,0.079503,0.187463,-0.331333
5.499910,0.160220,0.055132,0.169440,-0.349412
5.519821,0.128632,0.031469,0.132425,-0.268538
5.539746,0.110337,0.002359,0.110362,-0.253247
5.559720,0.106840,-0.028184,0.110495,-0.274371
5.579854,0.088513,-0.050673,0.101992,-0.284056
5.599864,0.075516,-0.076150,0.107245,-0.311516
5.619729,0.071707,-0.112018,0.133003,-0.308221
5.639742,0.056578,-0.132391,0.143974,-0.089693
5.659710,0.051988,-0.160062,0.168293,0.092231
5.679916,0.044043,-0.181283,0.186556,0.051761
5.699772,0.025244,-0.216307,0.217775,-0.014828
5.719920,0.003621,-0.235529,0.235557,0.236579
5.739792,-0.001289,-0.257570,0.257573,0.075867
5.760048,-0.011678,-0.275029,0.275277,0.209560
5.779955,-0.011144,-0.297501,0.297710,0.121123
5.800031,-0.022231,-0.274637,0.275535,0.141387
5.820006,-0.010354,-0.266412,0.266613,-0.302677
5.840084,0.013133,-0.216793,0.217190,-0.092623
5.860051,0.068228,-0.170841,0.183961,0.003930
5.879951,0.059169,-0.215031,0.223023,-0.771871
5.900456,0.110914,-0.089698,0.142645,0.520239
5.919963,0.055084,-0.107060,0.120400,-0.195238
5.939814,0.140953,-0.028781,0.143861,0.440918
5.959886,0.136352,-0.020052,0.137819,0.217401
5.979747,0.110727,-0.023105,0.113112,-0.350287
6.000051,0.117582,-0.004168,0.117656,-0.373237
6.019848,0.110066,0.047885,0.120031,-0.313498
6.039760,0.128519,0.067895,0.145351,-0.330432
6.059902,0.137127,0.101843,0.170809,-0.302433
6.079698,0.125349,0.097162,0.158596,-0.288401
6.099925,0.105468,0.065045,0.123913,-0.176383
6.120009,0.098252,0.028964,0.102432,-0.128410
6.139852,0.115020,0.008646,0.115345,-0.054549
6.160062,0.073329,-0.072969,0.103449,-0.649062
6.179736,0.066016,-0.095323,0.115951,-0.527716
6.199834,0.089956,-0.069508,0.113681,0.068386
6.219920,0.095542,-0.121539,0.154596,-0.075345
6.239899,0.072403,-0.155954,0.171941,0.017340
6.259724,0.088258,-0.178753,0.199354,0.068276
6.279730,0.071380,-0.205106,0.217172,0.227062
6.299784,0.086883,-0.228882,0.244818,0.254161
6.319821,0.057825,-0.274524,0.280548,0.249573
6.339720,0.066676,-0.282276,0.290044,0.222073
6.359751,0.065594,-0.295064,0.302267,0.131486
6.379827,0.057873,-0.272912,0.278981,-0.102847
6.399692,0.049610,-0.245599,0.250559,-0.025319
6.420238,0.063346,-0.160095,0.172172,-0.097407
6.440268,0.074628,-0.139691,0.158376,-0.079793
6.459718,0.115371,-0.140963,0.182157,-0.060471
6.479718,0.085755,-0.117004,0.145065,0.116178
6.499906,0.128524,-0.072625,0.147624,-0.028014
6.519778,0.111587,-0.045396,0.120468,-0.042398
6.539717,0.087578,-0.020207,0.089879,-0.080406
6.559747,0.097328,0.009665,0.097807,-0.190527
6.579906,0.102529,0.031320,0.107206,-0.266278
6.600052,0.096049,0.061218,0.113899,-0.321686
6.620096,0.087118,0.092936,0.127384,-0.325103
6.639868,0.080058,0.119597,0.143919,-0.317971
6.659940,0.052923,0.125923,0.136592,-0.368188
6.679944,0.053195,0.084560,0.099900,-0.188875
6.700105,0.041241,0.067415,0.079029,0.132109
6.719731,0.083379,0.008089,0.083770,-0.301991
6.739780,0.089011,-0.014183,0.090134,-0.320411
6.759727,0.100451,-0.031347,0.105229,-0.266166
6.779918,0.110186,-0.083959,0.138528,-0.318211
6.799794,0.118866,-0.115100,0.165460,-0.293570
6.819760,0.119138,-0.122469,0.170858,0.030655
6.839718,0.106214,-0.153021,0.186271,0.172084
6.859707,0.125464,-0.172950,0.213665,0.120680
6.879989,0.130867,-0.198344,0.237627,0.153253
6.899999,0.123187,-0.248418,0.277284,0.246767
6.919718,0.133477,-0.229992,0.265918,0.490868
6.939723,0.129506,-0.309004,0.335045,0.306203
6.959827,0.115778,-0.331527,0.351162,-0.555613
6.979911,0.130891,-0.233893,0.268027,-0.000396
7.000096,0.123466,-0.212184,0.245491,-0.060327
7.020007,0.128232,-0.175100,0.217033,-0.119467
7.039741,0.118870,-0.140438,0.183992,-0.001717
7.059822,0.127564,-0.098974,0.161457,0.025434
7.079839,0.120365,-0.069464,0.138971,0.005713
7.099773,0.115675,-0.039606,0.122267,-0.103730
7.119709,0.087602,-0.021649,0.090237,-0.145241
7.139724,0.072664,0.006519,0.072956,-0.140704
7.159725,0.084655,0.033378,0.090998,-0.274336
7.179716,0.063279,0.055805,0.084371,-0.273059
7.199874,0.053480,0.081747,0.097687,-0.298885
7.219782,0.012508,0.106778,0.107508,-0.318206
7.239887,0.034417,0.125212,0.129856,-0.341686
7.259749,0.005898,0.132847,0.132978,-0.315750
7.279700,-0.014526,0.091322,0.092470,-0.230818
7.300294,0.016684,0.051924,0.054539,-0.210953
7.319793,0.042393,0.032989,0.053716,-0.271539
7.339714,0.048923,0.013043,0.050632,-0.272847
7.359731,0.054593,-0.022478,0.059039,-0.292555
7.379956,0.075218,-0.044065,0.087175,-0.265044
7.399811,0.103122,-0.057605,0.118121,-0.182264
7.419709,0.107774,-0.090931,0.141010,-0.058977
7.439879,0.145824,-0.104070,0.179151,0.069284
7.459748,0.145197,-0.124343,0.191163,0.088805
7.480003,0.161336,-0.143902,0.216188,0.156607
7.499934,0.167927,-0.183184,0.248507,0.336960
7.519865,0.185595,-0.207486,0.278381,0.145113
7.539743,0.190790,-0.231722,0.300160,0.139198
7.559779,0.201013,-0.242132,0.314697,0.119440
7.579868,0.184489,-0.202959,0.274278,-0.026365
7.600018,0.173781,-0.155019,0.232875,-0.170760
7.619867,0.149847,-0.157600,0.217467,-0.115201
7.639716,0.145394,-0.116638,0.186397,-0.124440
7.659717,0.122996,-0.090793,0.152877,-0.059902
7.679925,0.117227,-0.052965,0.128637,-0.039362
7.699898,0.103247,-0.030006,0.107519,-0.078631
7.719844,0.065479,-0.021802,0.069013,-0.161055
7.739927,0.060331,0.003774,0.060449,-0.309890
7.759928,0.050006,0.029631,0.058126,-0.181087
7.779937,0.007004,0.041744,0.042328,-0.159433
7.799921,-0.013718,0.059863,0.061415,-0.208707
7.819805,-0.003588,0.086004,0.086079,-0.247338
7.839720,-0.046287,0.109039,0.118457,-0.302472
7.859845,-0.040908,0.120242,0.127010,-0.423517
7.879757,-0.046159,0.075135,0.088181,-0.393497
7.899983,-0.041368,0.033515,0.053241,-0.215160
7.920173,0.000899,0.035699,0.035710,-0.272229
7.940086,0.031486,0.024415,0.039843,-0.456377
7.959914,0.022639,-0.021437,0.031178,-0.333068
7.980230,0.076596,-0.019820,0.079119,-0.424564
8.000030,0.088694,-0.032872,0.094590,-0.356154
8.020035,0.114217,-0.051904,0.125457,-0.140977
8.039896,0.130207,-0.091011,0.158861,-0.122055
8.059753,0.157173,-0.096018,0.184181,0.145844
8.079985,0.169935,-0.115238,0.205323,0.153808
8.100065,0.190762,-0.132693,0.232374,0.111596
8.119866,0.204236,-0.152898,0.255128,0.188213
8.139797,0.225919,-0.202314,0.303266,0.205776
8.159728,0.244779,-0.188694,0.309067,0.149029
8.179945,0.216389,-0.186181,0.285460,0.101655
8.200273,0.185148,-0.153712,0.240639,-0.108357
8.219991,0.168697,-0.098597,0.195397,-0.111529
8.239960,0.153568,-0.093977,0.180041,-0.172150
8.259866,0.127522,-0.051267,0.137441,-0.110034
8.280104,0.100333,-0.031896,0.105281,0.005250
8.300258,0.065696,-0.019281,0.068467,-0.230501
8.319745,0.037030,0.047804,0.060469,-0.073306
8.339752,0.023077,0.017635,0.029044,-0.119360
8.359887,-0.025617,0.009971,0.027489,-0.228039
8.379823,-0.039108,0.018516,0.043270,-0.304388
8.400164,-0.035801,0.044043,0.056758,-0.361415
8.420092,-0.107463,0.040290,0.114768,-0.487560
8.439941,-0.111752,0.062900,0.128238,-0.500411
8.460000,-0.100765,0.062232,0.118433,-0.364508
8.479996,-0.091773,0.005730,0.091952,-0.216724
8.499748,-0.038574,0.002795,0.038675,-0.216452
8.519935,-0.031074,-0.006738,0.031796,-0.195153
8.540075,0.001043,-0.016528,0.016561,-0.220987
8.559968,0.034084,-0.009886,0.035489,-0.212522
8.580163,0.064590,-0.027550,0.070220,-0.288850
8.600182,0.077694,-0.056610,0.096130,-0.188916
8.619755,0.107165,-0.066322,0.126028,-0.100670
8.639861,0.128229,-0.057976,0.140726,-0.105086
8.659971,0.148524,-0.075558,0.166639,-0.053835
8.680208,0.181102,-0.121418,0.218037,-0.048941
8.699963,0.198694,-0.074209,0.212100,0.589985
8.719802,0.215751,-0.091956,0.234530,0.303621
8.739880,0.237699,-0.141686,0.276723,0.274922
8.759870,0.252257,-0.170403,0.304419,0.799011
8.779900,0.203959,-0.053833,0.210944,0.572730
8.799971,0.173008,-0.079976,0.190599,-0.179437
8.819868,0.152984,-0.088179,0.176578,-0.373437
8.839868,0.135245,-0.043637,0.142111,-0.210425
8.859854,0.155147,0.023629,0.156936,-0.080274
8.880045,0.097344,0.043412,0.106585,0.188231
8.899996,0.049494,0.024011,0.055011,0.028082
8.919930,0.029967,-0.066006,0.072490,0.193724
8.939862,0.004981,-0.006762,0.008399,0.247715
8.959983,-0.031181,0.040323,0.050973,0.340122
8.980012,-0.047274,0.049547,0.068482,0.202059
9.000158,-0.092773,0.042863,0.102196,0.139878
9.019846,-0.120359,0.047731,0.129478,0.027635
9.040033,-0.135937,0.066072,0.151144,-0.056003
9.060058,-0.174210,0.048381,0.180803,-0.148486
9.080045,-0.155257,0.039737,0.160262,-0.073979
9.100046,-0.106604,0.017743,0.108070,-0.003629
9.119988,-0.057560,0.036446,0.068128,-0.095180
9.139901,-0.043553,0.041169,0.059931,0.023485
9.159843,-0.011308,0.045766,0.047142,-0.033919
9.180066,0.030887,0.056783,0.064640,-0.087866
9.200276,0.051010,0.041145,0.065536,-0.100464
9.219878,0.079621,0.056629,0.097705,-0.035617
9.239909,0.106863,0.057971,0.121574,0.037380
9.259917,0.120697,0.056168,0.133126,0.089620
9.280125,0.148874,0.049450,0.156872,0.131838
9.299912,0.172038,0.033583,0.175285,0.262053
9.320167,0.196266,0.037085,0.199739,0.244863
9.339822,0.227738,0.016497,0.228335,0.330463
9.359766,0.251478,0.009511,0.251658,0.404154
9.379980,0.274748,0.020603,0.275519,0.469794
9.399983,0.274771,0.022655,0.275703,0.707625
9.419884,0.227438,0.018785,0.228212,0.610602
9.439905,0.179456,0.031391,0.182181,0.385195
9.459905,0.145794,0.083623,0.168073,0.503653
9.479915,0.142082,0.079618,0.162869,0.414433
9.500208,0.130902,0.135010,0.188051,0.107473
9.519918,0.119500,0.159149,0.199019,-0.156372
9.539847,0.085026,0.060571,0.104395,-0.296842
9.559879,0.045930,0.061810,0.077007,-0.119918
9.579954,-0.148753,-0.080828,0.169294,0.334323
9.599863,-0.021287,0.100937,0.103157,-0.055580
9.619941,-0.065209,0.095425,0.115577,-0.094380
9.639914,-0.084140,0.111729,0.139867,-0.071303
9.659912,-0.122644,0.113025,0.166782,-0.182034
9.680219,-0.148893,0.110806,0.185599,-0.141492
9.700220,-0.199427,0.111929,0.228690,-0.175935
9.719758,-0.174001,0.085854,0.194029,-0.057056
9.739871,-0.140110,0.081139,0.161908,-0.134791
9.759927,-0.118872,0.065295,0.135624,-0.098226
9.780034,-0.085622,0.083176,0.119371,-0.641009
9.799852,-0.026849,0.079204,0.083631,-0.107470
9.819984,-0.030997,0.067994,0.074726,0.964804
9.839879,-0.000347,0.048227,0.048228,0.334250
9.859938,0.034259,0.053696,0.063694,0.345978
9.879989,0.034534,0.048603,0.059623,0.133081
9.900150,0.051954,0.026745,0.058434,0.205049
9.920024,0.055145,-0.003636,0.055265,0.070747
9.939866,0.094589,0.010629,0.095184,0.103719
9.960052,0.046843,0.023273,0.052306,-0.575648
9.980059,0.048244,-0.011943,0.049700,0.011353
9.999837,0.127296,-0.054657,0.138534,0.334090
10.019858,0.135528,-0.072667,0.153780,0.385779
10.039959,0.131248,-0.103885,0.167386,0.232281
10.059853,0.117254,-0.066778,0.134936,0.167646
10.080137,0.084182,-0.034199,0.090864,0.088419
10.100086,0.057836,-0.003419,0.057937,-0.009765
10.120179,0.053089,0.028806,0.060401,-0.160044
10.139859,0.025355,0.033324,0.041873,-0.227015
10.159848,0.011692,0.048807,0.050188,-0.121570
10.180025,0.001139,0.079119,0.079127,-0.016711
10.200045,-0.033086,0.108682,0.113607,0.397703
10.219923,-0.089843,0.144494,0.170148,0.227503
10.239941,-0.077704,0.162990,0.180565,-0.299014
10.259941,-0.063208,0.183916,0.194475,-0.334340
10.279880,-0.073607,0.187306,0.201250,-0.582246
10.299989,-0.158993,0.220071,0.271496,-0.395831
10.319981,-0.144239,0.213451,0.257616,-0.222214
10.340153,-0.139541,0.188049,0.234167,-0.026664
10.359880,-0.128672,0.157045,0.203026,0.030045
10.380062,-0.092173,0.128274,0.157956,0.049707
10.399905,-0.048159,0.114094,0.123842,0.109843
10.420468,-0.058003,0.081436,0.099981,0.090835
10.439750,-0.037410,0.056351,0.067638,0.110206
10.459874,0.004929,0.033118,0.033483,0.211629
10.479856,0.017128,0.012385,0.021137,0.171091
10.499947,0.027596,-0.005824,0.028204,0.210740
10.520220,0.017302,-0.035281,0.039295,0.237905
10.539862,0.042649,-0.048090,0.064277,0.266936
10.559896,0.033081,-0.088054,0.094063,0.266366
10.579951,0.044090,-0.117456,0.125459,0.231870
10.599910,0.068433,-0.123768,0.141427,0.232431
10.619950,0.068544,-0.118247,0.136677,0.120289
10.639785,0.013537,-0.080692,0.081820,-0.095324
10.659777,0.026975,-0.037855,0.046483,-0.046210
10.679946,0.035200,-0.008986,0.036329,-0.245712
10.700115,0.033113,0.014044,0.035968,-0.212919
10.719920,0.009355,0.030530,0.031931,-0.257324
10.739875,0.000357,0.048589,0.048590,-0.161212
10.759892,0.004511,0.068494,0.068642,0.069457
10.780200,0.006179,0.122016,0.122172,-0.268664
10.800171,-0.035914,0.154694,0.158808,-0.243528
10.819949,-0.084986,0.175388,0.194894,-0.183504
10.840044,-0.061254,0.200903,0.210033,-0.207488
10.860051,-0.054863,0.242733,0.248856,-0.203024
10.880268,-0.033648,0.260063,0.262231,-0.114268
10.900142,-0.080475,0.248957,0.261641,-0.361476
10.919858,-0.105711,0.189643,0.217116,-0.443893
10.939943,-0.057735,0.141080,0.152437,-0.163563
10.959860,-0.020250,0.277683,0.278420,1.254862
10.980045,-0.026462,0.127812,0.130523,0.073858
11.000003,-0.020648,0.117481,0.119282,0.186932
11.019965,0.009880,0.072153,0.072826,0.198287
11.039863,-0.006773,0.042918,0.043449,0.092438
11.060050,0.019284,0.029612,0.035338,0.212937
11.079975,0.021853,0.011878,0.024872,0.256856
11.099986,-0.001458,-0.008347,0.008473,0.283042
11.120067,0.017439,-0.025441,0.030844,0.314511
11.139829,0.015773,-0.049187,0.051654,0.345837
11.159727,-0.004574,-0.077861,0.077995,0.327226
11.179798,-0.005602,-0.102035,0.102189,0.346187
11.199784,0.011209,-0.100437,0.101061,0.317210
11.219708,-0.007046,-0.047943,0.048458,0.108038
11.239851,-0.031486,-0.039565,0.050564,-0.367079
11.259920,-0.028296,-0.033293,0.043693,-0.821153
11.280192,-0.042921,0.044357,0.061723,-0.530556
11.300194,0.004410,0.041278,0.041513,-0.230829
11.319954,0.025503,0.055228,0.060832,-0.202650
11.340005,-0.017860,0.084951,0.086808,-0.181901
11.359864,-0.062934,0.121807,0.137104,-0.198372
11.380134,-0.196038,0.178314,0.265003,-0.287530
11.399801,-0.265495,0.208325,0.337471,-0.222753
11.419903,-0.306826,0.264766,0.405269,-0.232235
11.439869,-0.302266,0.306639,0.430572,-0.288179
11.459938,-0.284182,0.307322,0.418576,-0.162375
11.479848,-0.294457,0.270833,0.400069,0.021612
11.499933,-0.298822,0.237494,0.381704,0.001545
11.519964,-0.281407,0.211319,0.351917,0.173787
11.540118,-0.245187,0.160476,0.293034,0.140395
11.559903,-0.262737,0.152532,0.303804,0.207383
11.580048,-0.252853,0.121798,0.280659,0.210202
11.599746,-0.220219,0.097972,0.241029,0.350927
11.619900,-0.242711,0.067292,0.251867,0.242936
11.640110,-0.234320,0.048644,0.239316,0.275007
11.660139,-0.224290,0.020030,0.225183,0.261144
11.680351,-0.236476,0.003437,0.236501,0.279222
11.700047,-0.244601,-0.021341,0.245530,0.267765
11.719856,-0.243186,-0.048536,0.247982,0.180906
11.739856,-0.231258,-0.063518,0.239822,0.203182
11.759861,-0.239464,-0.026103,0.240882,0.093497
11.780032,-0.223130,0.045043,0.227631,-0.146832
11.799870,-0.189266,0.060500,0.198700,-0.181860
11.820042,-0.153522,0.075916,0.171267,-0.163319
11.839951,-0.150562,0.109613,0.186236,-0.167001
11.860045,-0.132445,0.122180,0.180193,-0.217005
11.880029,-0.105384,0.153375,0.186091,-0.077894
11.900129,-0.098515,0.174366,0.200272,-0.139901
11.920105,-0.059499,0.240468,0.247720,-0.055044
11.939957,-0.032145,0.259664,0.261646,0.052517
11.960111,-0.031107,0.266612,0.268421,-0.034208
11.980920,-0.014173,0.292989,0.293332,-0.075226
12.000803,-0.027451,0.246078,0.247604,-0.441016
12.020849,-0.009717,0.188307,0.188558,0.037004
12.040643,0.039331,0.118339,0.124704,-0.031454
12.060137,0.117008,0.014705,0.117928,-0.526000
12.080157,0.186968,0.006210,0.187071,-0.113948
12.100126,0.194806,-0.019085,0.195739,-0.155584
12.120010,0.190944,-0.078665,0.206513,-0.121188
12.139965,0.180889,-0.096365,0.204956,-0.146861
12.160013,0.179285,-0.126526,0.219436,-0.066263
12.180008,0.172833,-0.140422,0.222687,0.100387
12.200064,0.150421,-0.159325,0.219114,0.072900
12.219902,0.142496,-0.194918,0.241450,0.129285
12.239975,0.120553,-0.200346,0.233819,0.206159
12.260001,0.103911,-0.217134,0.240717,0.366840
12.279973,0.093265,-0.242885,0.260176,0.329123
12.300392,0.065313,-0.263565,0.271537,0.137326
12.320016,0.075773,-0.232490,0.244526,0.068044
12.339852,0.070529,-0.182941,0.196066,0.023196
12.359980,0.105241,-0.149973,0.183215,0.203307
12.380265,0.110562,-0.122090,0.164712,0.215107
12.399990,0.121258,-0.096818,0.155168,0.302659
12.420021,0.136301,-0.067815,0.152239,0.364245
12.439965,0.130207,-0.033666,0.134489,0.183770
12.459939,0.176487,-0.001755,0.176496,0.591614
12.479858,0.124037,-0.001118,0.124042,-0.218808
12.500049,0.122282,-0.009053,0.122617,-0.462864
12.519979,0.162164,0.115031,0.198820,0.159710
12.539980,0.157641,0.120190,0.198233,-0.006110
12.559891,0.166092,0.135428,0.214307,-0.221823
12.579988,0.184138,0.205094,0.275627,-0.178558
12.600001,0.178673,0.193280,0.263213,-0.200085
12.619882,0.155535,0.161837,0.224460,-0.045400
12.639909,0.128328,0.158269,0.203758,0.025843
12.659856,0.109462,0.113414,0.157622,0.100206
12.679881,0.095272,0.052101,0.108588,0.215299
12.699921,0.087565,0.049581,0.100628,0.199174
12.719851,0.070744,0.022167,0.074136,0.181245
12.739938,0.046354,-0.001605,0.046382,0.201328
12.759933,0.034791,-0.012604,0.037004,0.296965
12.780069,0.006704,-0.017108,0.018375,0.300708
12.800089,-0.014872,-0.036800,0.039692,0.293934
12.820346,-0.013621,-0.058907,0.060461,0.383987
12.839789,-0.056760,-0.061374,0.083597,0.315656
12.859927,-0.081795,-0.077034,0.112360,0.284060
12.879979,-0.083338,-0.103200,0.132648,0.384978
12.900018,-0.099085,-0.104953,0.144336,0.460342
12.919836,-0.109346,-0.111782,0.156371,0.237728
12.939878,-0.091333,-0.064548,0.111840,-0.122019
12.959910,-0.024940,-0.041510,0.048426,0.058542
12.980081,-0.002721,-0.057478,0.057542,-0.101386
13.000065,0.004386,-0.037194,0.037452,-0.142151
13.019911,0.057754,-0.033894,0.066965,0.206063
13.039942,0.064321,-0.016325,0.066360,-0.042742
13.059887,0.072404,0.004703,0.072557,-0.283111
13.080090,0.085829,0.015768,0.087265,-0.382296
13.100118,0.149221,0.039029,0.154241,0.189226
13.120057,0.159654,0.048132,0.166752,-0.248505
13.139897,0.187874,0.098613,0.212182,-0.334672
13.160093,0.215489,0.126965,0.250111,-0.078109
13.179910,0.246622,0.138771,0.282984,-0.309488
13.200041,0.230107,0.132687,0.265622,-0.158239
13.219960,0.175994,0.095533,0.200251,-0.069261
13.239847,0.158427,0.055096,0.167734,0.007163
13.259910,0.141658,0.048297,0.149665,0.089603
13.279878,0.118218,0.033445,0.122858,0.090615
13.300129,0.093875,0.001350,0.093885,0.188421
13.320010,0.073326,-0.013272,0.074517,0.237240
13.339927,0.053353,-0.029130,0.060787,0.267114
13.359939,0.023764,-0.022319,0.032602,0.219719
13.379912,0.000074,-0.031964,0.031964,0.243951
13.400191,-0.008905,-0.053932,0.054662,0.324120
13.419859,-0.034218,-0.060959,0.069906,0.268226
13.439852,-0.065854,-0.049481,0.082372,0.298971
13.459843,-0.078113,-0.070528,0.105242,0.305403
13.479854,-0.101861,-0.076020,0.127101,0.330726
13.499986,-0.124639,-0.056530,0.136859,0.218502
13.520042,-0.056807,-0.053670,0.078151,-0.009774
13.539959,-0.020014,-0.021938,0.029696,-0.056250
13.559929,0.003074,-0.054263,0.054350,-0.154174
13.580717,0.020448,-0.056667,0.060243,-0.157712
13.600889,0.046960,-0.042780,0.063525,-0.125746
13.620844,0.072090,-0.074101,0.103382,-0.070499
13.640225,0.101770,-0.024551,0.104689,-0.107641
13.659976,0.142720,0.002989,0.142751,-0.153190
13.679858,0.173444,-0.008465,0.173650,-0.107109
13.700270,0.195987,-0.015278,0.196582,-0.117794
13.719941,0.233657,0.015522,0.234172,-0.284152
13.739947,0.253307,0.000112,0.253307,-0.380268
13.759964,0.280442,0.008361,0.280567,-0.314089
13.780129,0.257488,0.012081,0.257771,-0.202091
13.800074,0.244389,0.033623,0.246691,-0.105556
13.819879,0.192390,-0.011694,0.192745,0.063557
13.840011,0.170693,-0.013038,0.171190,-0.000425
13.859985,0.139272,-0.021187,0.140874,-0.016017
13.880251,0.103065,-0.047615,0.113532,0.081036
13.900189,0.078686,-0.041804,0.089101,-0.004874
13.919876,0.052559,-0.047678,0.070962,0.090600
13.939869,0.030100,-0.068684,0.074990,0.163524
13.959996,0.010308,-0.070786,0.071533,0.217358
13.980120,-0.030558,-0.052473,0.060722,-0.007087
14.000175,-0.033172,-0.052663,0.062240,0.225686
14.019910,-0.053757,-0.064405,0.083892,0.271183
14.039872,-0.078759,-0.064770,0.101971,0.257881
14.059833,-0.106543,-0.045414,0.115818,0.246197
14.079749,-0.112885,-0.058568,0.127174,0.218651
14.099944,-0.065100,-0.048953,0.081452,0.016559
14.119984,-0.014065,-0.038484,0.040974,-0.120209
14.139866,0.002785,-0.049081,0.049160,-0.180361
14.159956,0.024576,-0.078613,0.082365,-0.102630
14.180115,0.040282,-0.087430,0.096263,-0.131091
14.199995,0.067587,-0.090674,0.113092,-0.148898
14.220132,0.103433,-0.087181,0.135273,-0.128067
14.239924,0.133098,-0.086820,0.158911,-0.151656
14.259874,0.168774,-0.082681,0.187938,-0.186180
14.279913,0.227438,-0.079484,0.240927,-0.188070
14.300059,0.242509,-0.095793,0.260743,-0.201983
14.319914,0.275212,-0.095518,0.291317,-0.247068
14.339753,0.291320,-0.096197,0.306792,-0.313533
14.359722,0.294725,-0.066501,0.302134,-0.273777
14.379971,0.234206,-0.075904,0.246199,-0.094602
14.400008,0.191632,-0.077864,0.206847,-0.083911
14.419880,0.173410,-0.068285,0.186370,0.011623
14.440228,0.141366,-0.063205,0.154852,0.000155
14.460068,0.097559,-0.071171,0.120760,0.082381
14.480233,0.083413,-0.051695,0.098133,0.065990
14.499889,0.044951,-0.060622,0.075469,0.122174
14.519891,0.024974,-0.054293,0.059761,0.150463
14.540072,0.008615,-0.051737,0.052449,0.221607
14.559868,-0.004436,-0.023489,0.023904,0.233509
14.579941,-0.028061,-0.027895,0.039567,0.246193
14.600083,-0.047241,-0.014358,0.049375,0.271792
14.620053,-0.067807,-0.002799,0.067865,0.252750
14.640009,-0.096838,0.021933,0.099291,0.055577
14.660048,-0.073772,0.031706,0.080297,0.172319
14.680063,-0.027072,-0.004680,0.027474,0.006846
14.700111,-0.000674,-0.021100,0.021111,-0.141815
14.719999,0.021995,-0.032529,0.039267,-0.290412
14.739856,0.023738,-0.066303,0.070424,-0.293089
14.759875,0.039082,-0.078810,0.087968,-0.289412
14.779983,0.045227,-0.107437,0.116568,-0.363575
14.800033,0.070511,-0.100507,0.122774,-0.367397
14.820058,0.103377,-0.100046,0.143861,-0.386878
14.840356,0.136540,-0.134025,0.191327,-0.410377
14.859870,0.187096,-0.138120,0.232555,-0.182892
14.879747,0.251428,-0.144321,0.289904,-0.196903
14.900140,0.240016,-0.163211,0.290251,-0.207312
14.919940,0.247910,-0.149661,0.289582,-0.249683
14.939959,0.190234,-0.127473,0.228994,-0.024382
14.959863,0.174948,-0.108874,0.206059,0.039165
14.980042,0.100287,-0.130607,0.164668,0.177035
15.000048,0.088083,-0.104124,0.136383,0.114008
15.020155,0.086746,-0.082587,0.119773,0.106305
15.040155,0.046441,-0.080439,0.092883,0.199887
15.059752,0.036727,-0.056815,0.067652,0.169548
15.079798,0.013287,-0.047853,0.049663,0.175777
15.099937,-0.022119,-0.045223,0.050343,0.192604
15.120158,-0.029061,-0.032795,0.043818,0.251903
15.139996,-0.030187,0.001868,0.030245,0.230995
15.159865,-0.057256,0.003664,0.057373,0.256815
15.179742,-0.069524,0.016560,0.071469,0.302116
15.199783,-0.084252,0.031831,0.090064,0.225819
15.219833,-0.053008,0.039561,0.066143,0.075927
15.239922,-0.022146,-0.015315,0.026926,-0.133619
15.259978,0.022194,-0.036747,0.042929,-0.107838
15.280172,0.020647,-0.057382,0.060984,-0.182759
15.299961,0.026174,-0.078047,0.082319,-0.261645
15.320022,0.025172,-0.101350,0.104429,-0.217125
15.339886,0.047132,-0.116547,0.125716,-0.237389
15.359916,0.092947,-0.167839,0.191857,0.120904
15.379883,0.072949,-0.146038,0.163244,-0.491901
15.399940,0.116500,-0.179875,0.214306,-0.246132
15.419868,0.171077,-0.207732,0.269110,-0.257063
15.439922,0.171275,-0.234497,0.290386,-0.211763
15.459984,0.182455,-0.243868,0.304568,-0.257596
15.479977,0.227680,-0.232134,0.325153,-0.083290
15.499936,0.145433,-0.169379,0.223249,-0.324923
15.519768,0.103957,-0.171592,0.200626,0.022977
15.539906,0.095270,-0.172469,0.197033,0.016853
15.559869,0.076858,-0.144430,0.163607,0.022829
15.579851,0.038110,-0.118654,0.124624,0.078369
15.599959,0.019710,-0.098691,0.100640,0.177983
15.619884,0.001540,-0.082044,0.082058,0.179245
15.639749,0.009690,-0.055226,0.056070,0.149224
15.659718,-0.006931,-0.037920,0.038548,0.179090
15.679796,-0.025554,-0.026306,0.036674,0.245154
15.700098,-0.030107,-0.011468,0.032217,0.254123
15.719934,-0.022675,0.019038,0.029607,0.261777
15.740047,-0.046392,0.033943,0.057483,0.252307
15.760065,-0.050415,0.052768,0.072980,0.207732
15.780236,-0.023047,0.061454,0.065634,0.087686
15.800020,0.011034,0.000611,0.011051,-0.014558
15.820061,-0.008089,-0.027467,0.028633,-0.146301
15.839813,-0.004667,-0.053377,0.053581,-0.188510
15.859713,-0.009356,-0.071025,0.071639,-0.515126
15.879899,-0.010395,-0.097587,0.098139,-0.640153
15.899851,-0.009737,-0.116891,0.117296,-0.879639
15.919855,0.008096,-0.135881,0.136122,-0.887104
15.939794,0.046473,-0.176990,0.182990,-0.879505
15.959832,0.058055,-0.208000,0.215950,-0.828018
15.979841,0.080878,-0.253542,0.266129,-0.707106
15.999989,0.094185,-0.281753,0.297078,-0.654494
16.019915,0.063282,-0.276788,0.283930,-0.467418
16.039983,0.067469,-0.265478,0.273917,0.117640
16.059759,0.081977,-0.247540,0.260761,0.400769
16.080096,0.029961,-0.181100,0.183562,-0.151254
16.100257,-0.002541,-0.151918,0.151939,-0.189862
16.120015,-0.011990,-0.122658,0.123243,-0.242651
16.140083,-0.000586,-0.097894,0.097896,-0.162400
16.159991,-0.007879,-0.075899,0.076307,-0.088815
16.179781,-0.032115,-0.056204,0.064732,-0.044593
16.200121,-0.033094,-0.040015,0.051927,0.065776
16.219949,-0.022883,-0.013597,0.026618,0.009737
16.239981,-0.016980,0.009673,0.019542,0.093543
16.260912,-0.040398,0.027082,0.048636,0.014813
16.281043,-0.036987,0.048395,0.060911,-0.021263
16.300914,-0.037448,0.070027,0.079411,-0.107215
16.321055,-0.040068,0.064686,0.076090,-0.360765
16.340836,-0.022419,0.007103,0.023517,-0.578572
16.361016,-0.010969,-0.006871,0.012943,-0.832939
16.380858,-0.062625,-0.045192,0.077228,-0.832904
16.400879,-0.051261,-0.066173,0.083705,-0.938638
16.420733,-0.057585,-0.081848,0.100076,-0.905808
16.440835,-0.052151,-0.111269,0.122884,-0.820785
16.461279,-0.048629,-0.135810,0.144254,-0.792337
16.481121,-0.019610,-0.174663,0.175760,-0.733770
16.500182,-0.010465,-0.204026,0.204294,-0.689058
16.520117,-0.014116,-0.230164,0.230596,-0.610229
16.539915,0.026338,-0.277755,0.279001,-0.514239
16.560155,0.023395,-0.272711,0.273713,-0.439272
16.579950,-0.004573,-0.207125,0.207175,-0.279257
16.600000,-0.005883,-0.180503,0.180599,-0.360022
16.619953,-0.021956,-0.149793,0.151394,-0.458248
16.639867,-0.053231,-0.113184,0.125077,-0.587368
16.659925,-0.071226,-0.087252,0.112632,-0.485391
16.679926,-0.049546,-0.057144,0.075632,-0.399307
16.700008,-0.060191,-0.033515,0.068893,-0.292150
16.719882,-0.080222,-0.017099,0.082024,-0.276842
16.739941,-0.074003,0.013748,0.075269,-0.161129
16.760018,-0.075315,0.036437,0.083666,-0.079785
16.780052,-0.087804,0.042787,0.097674,0.039423
16.800027,-0.078678,0.076443,0.109698,0.054918
16.820014,-0.080469,0.100541,0.128778,0.152782
16.839881,-0.086469,0.112299,0.141732,0.172577
16.859812,-0.087545,0.075400,0.115539,0.154584
16.879932,-0.077311,0.044951,0.089429,-0.057569
16.900452,-0.080531,0.035841,0.088147,-0.203353
16.920080,-0.087855,-0.002173,0.087882,-0.335004
16.939895,-0.091702,-0.042121,0.100913,-0.359442
16.959768,-0.090339,-0.061395,0.109227,-0.347191
16.979790,-0.058765,-0.077004,0.096866,-0.214261
17.000069,-0.042644,-0.113035,0.120812,-0.163876
17.019720,-0.032844,-0.135594,0.139515,-0.209829
17.039737,-0.036354,-0.157252,0.161400,-0.309902
17.059805,-0.019368,-0.175345,0.176411,-0.328087
17.079751,0.020436,-0.196762,0.197820,-0.296552
17.099917,0.020900,-0.227187,0.228146,-0.284688
17.119881,0.036551,-0.232810,0.235662,-0.422550
17.139784,0.039617,-0.187482,0.191622,-0.500265
17.159807,0.001794,-0.133561,0.133573,-0.603406
17.179981,-0.038056,-0.126408,0.132012,-0.523892
17.199863,-0.041549,-0.124218,0.130983,-0.314320
17.219835,-0.045187,-0.096429,0.106491,-0.298189
17.240095,-0.029560,-0.135946,0.139123,0.492468
17.259756,-0.050748,-0.113971,0.124759,0.700770
17.280484,-0.135425,0.001727,0.135436,-0.500724
17.300033,-0.187705,0.067760,0.199561,-1.010834
17.319901,-0.231091,0.083491,0.245711,-1.219388
17.339750,-0.165479,0.033023,0.168742,0.223579
17.359728,-0.199909,0.068527,0.211328,-0.014435
17.379724,-0.194558,0.056281,0.202535,0.320652
17.399930,-0.209892,0.077037,0.223583,0.350999
17.419848,-0.243288,0.119980,0.271264,0.175335
17.439894,-0.238048,0.081575,0.251637,-0.097010
17.459868,-0.172621,0.053350,0.180677,0.145365
17.479972,-0.166857,0.065928,0.179409,-0.109739
17.500001,-0.157831,0.015153,0.158557,-0.056444
17.519840,-0.134266,-0.049637,0.143147,0.200891
17.539884,-0.119965,-0.046579,0.128690,0.000204
17.559734,-0.100070,-0.062222,0.117837,0.008320
17.579783,-0.062390,-0.073639,0.096515,-0.052461
17.599751,-0.050306,-0.087629,0.101042,-0.148005
17.619930,-0.028608,-0.106226,0.110011,-0.241206
17.639942,0.013878,-0.119419,0.120223,-0.266609
17.659854,0.025272,-0.136145,0.138471,-0.301832
17.680003,0.056986,-0.152700,0.162987,-0.332550
17.700307,0.081529,-0.173356,0.191571,-0.349729
17.720071,0.117852,-0.167795,0.205047,-0.256936
17.740098,0.095352,-0.128698,0.160172,-0.173710
17.760443,0.033474,-0.105601,0.110779,-0.192651
17.780474,0.021636,-0.089465,0.092044,-0.168356
17.799939,-0.033597,-0.095125,0.100884,-0.252163
17.820011,-0.052771,-0.083513,0.098789,-0.312134
17.839921,-0.056083,-0.045893,0.072467,-0.255187
17.859860,-0.084717,-0.034547,0.091490,-0.152227
17.880146,-0.118764,-0.034816,0.123762,-0.057116
17.899989,-0.135082,-0.027041,0.137762,0.010285
17.920019,-0.160516,-0.013488,0.161082,0.067928
17.939941,-0.179939,0.015582,0.180612,0.118774
17.959937,-0.197398,0.017468,0.198169,0.156461
17.979884,-0.221731,0.053044,0.227988,0.246349
18.000166,-0.246813,0.060634,0.254152,0.266496
18.020163,-0.242536,0.042836,0.246290,0.172554
18.039933,-0.212593,0.046761,0.217675,0.048604
18.060028,-0.192288,0.023745,0.193749,-0.132287
18.079985,-0.166657,-0.023158,0.168258,-0.190895
18.100089,-0.135743,-0.039930,0.141494,0.152044
18.120152,-0.119119,-0.078305,0.142552,0.335201
18.140033,-0.025681,0.015234,0.029859,0.634975
18.159885,0.085483,0.132263,0.157483,0.475640
18.180051,0.126930,0.155396,0.200647,0.208958
18.200075,0.150223,0.166620,0.224342,0.047456
