measure,method,bank,n,mean_norm,lower_norm,upper_norm,width_norm,width_original
err_norm,sim2real,Sim_35,1,0.016469166666666667,0.02,0.98,0.96,1.152
err_norm,sim2real,Sim_35,2,0.01225375,0.02,0.98,0.96,1.152
err_norm,sim2real,Sim_35,3,0.07465833333333333,0.02,0.98,0.96,1.152
err_norm,sim2real,Sim_35,4,0.1259275,0.02,0.98,0.96,1.152
err_norm,sim2real,Sim_35,5,0.14041333333333333,0.02,0.63,0.61,0.732
err_norm,sim2real,Sim_35,6,0.1650184722222222,0.02,0.55,0.53,0.636
err_norm,sim2real,Sim_35,7,0.1566635714285714,0.02,0.49,0.47,0.564
err_norm,sim2real,Sim_35,8,0.1483158333333333,0.02,0.47,0.44999999999999996,0.5399999999999999
err_norm,sim2real,Sim_35,9,0.1380385185185185,0.02,0.43,0.41,0.49199999999999994
err_norm,sim2real,Sim_35,10,0.1331605833333333,0.02,0.41000000000000003,0.39,0.46799999999999997
err_norm,sim2real,Sim_35,11,0.13584424242424242,0.02,0.41000000000000003,0.39,0.46799999999999997
err_norm,sim2real,Sim_35,12,0.13375583333333332,0.02,0.39,0.37,0.444
err_norm,sim2real,Sim_35,13,0.1317545512820513,0.03,0.37,0.33999999999999997,0.408
err_norm,sim2real,Sim_35,14,0.1389460119047619,0.03,0.37,0.33999999999999997,0.408
err_norm,sim2real,Sim_35,15,0.14320855555555553,0.05,0.35,0.3,0.36
err_norm,sim2real,Sim_35,16,0.14589630208333332,0.05,0.35,0.3,0.36
err_norm,sim2real,Sim_35,17,0.14657284313725488,0.07,0.33,0.26,0.312
err_norm,sim2real,Sim_35,18,0.15527074074074074,0.09,0.33,0.24000000000000002,0.28800000000000003
err_norm,sim2real,Sim_35,19,0.15825399122807016,0.09,0.33,0.24000000000000002,0.28800000000000003
err_norm,sim2real,Sim_35,20,0.164050375,0.11,0.33,0.22000000000000003,0.264
err_norm,sim2real,Sim_35,21,0.16023126984126984,0.11,0.31,0.2,0.24
err_norm,sim2real,Sim_35,22,0.15702530303030302,0.11,0.31,0.2,0.24
err_norm,sim2real,Sim_35,23,0.1545952536231884,0.11,0.29000000000000004,0.18000000000000005,0.21600000000000005
err_norm,sim2real,Sim_35,24,0.15331173611111112,0.11,0.29000000000000004,0.18000000000000005,0.21600000000000005
err_norm,sim2real,Sim_35,25,0.15079309999999999,0.11,0.29000000000000004,0.18000000000000005,0.21600000000000005
err_norm,sim2real,Sim_35,26,0.15069567307692308,0.11,0.27,0.16000000000000003,0.19200000000000003
err_norm,sim2real,Sim_35,27,0.15049617283950617,0.11,0.27,0.16000000000000003,0.19200000000000003
err_norm,sim2real,Sim_35,28,0.1760947023809524,0.13,0.31,0.18,0.216
err_norm,sim2real,Sim_35,29,0.1726403448275862,0.13,0.31,0.18,0.216
err_norm,sim2real,Sim_35,30,0.178314,0.13,0.31,0.18,0.216
err_norm,sim2real,Sim_35,31,0.17473701612903228,0.13,0.31,0.18,0.216
err_norm,sim2real,Sim_35,32,0.17835755208333334,0.13,0.31,0.18,0.216
err_norm,sim2real,Sim_35,33,0.1772906565656566,0.13,0.29000000000000004,0.16000000000000003,0.19200000000000003
err_norm,sim2real,Sim_35,34,0.17427276960784316,0.13,0.29000000000000004,0.16000000000000003,0.19200000000000003
err_norm,sim2real,Sim_35,35,0.17513104761904763,0.13,0.29000000000000004,0.16000000000000003,0.19200000000000003
err_norm,sim2real,Sim_35,36,0.17552173611111113,0.13,0.29000000000000004,0.16000000000000003,0.19200000000000003
err_norm,sim2real,Sim_35,37,0.1733334684684685,0.13,0.29000000000000004,0.16000000000000003,0.19200000000000003
err_norm,sim2real,Sim_35,38,0.16936567982456144,0.13,0.27,0.14,0.168
err_norm,sim2real,Sim_252,1,0.016469166666666667,0.02,0.98,0.96,1.152
err_norm,sim2real,Sim_252,2,0.01225375,0.02,0.98,0.96,1.152
err_norm,sim2real,Sim_252,3,0.07465833333333333,0.02,0.98,0.96,1.152
err_norm,sim2real,Sim_252,4,0.1259275,0.02,0.98,0.96,1.152
err_norm,sim2real,Sim_252,5,0.14041333333333333,0.02,0.6065624999999999,0.5865624999999999,0.7038749999999998
err_norm,sim2real,Sim_252,6,0.1650184722222222,0.02,0.5409375000000001,0.5209375,0.625125
err_norm,sim2real,Sim_252,7,0.1566635714285714,0.02,0.5046875,0.48468749999999994,0.581625
err_norm,sim2real,Sim_252,8,0.1483158333333333,0.02,0.47656249999999994,0.4565624999999999,0.5478749999999999
err_norm,sim2real,Sim_252,9,0.1380385185185185,0.02,0.45093750000000005,0.43093750000000003,0.5171250000000001
err_norm,sim2real,Sim_252,10,0.1331605833333333,0.02,0.4303125,0.41031249999999997,0.49237499999999995
err_norm,sim2real,Sim_252,11,0.13584424242424242,0.0340625,0.41531250000000003,0.38125000000000003,0.4575
err_norm,sim2real,Sim_252,12,0.13375583333333332,0.041562499999999995,0.39843750000000006,0.35687500000000005,0.4282500000000001
err_norm,sim2real,Sim_252,13,0.1317545512820513,0.0471875,0.3828125,0.335625,0.40275
err_norm,sim2real,Sim_252,14,0.1389460119047619,0.0590625,0.3740625,0.315,0.378
err_norm,sim2real,Sim_252,15,0.14320855555555553,0.06718750000000001,0.3646875,0.2975,0.357
err_norm,sim2real,Sim_252,16,0.14589630208333332,0.07343750000000002,0.3553125,0.281875,0.33825
err_norm,sim2real,Sim_252,17,0.14657284313725488,0.0778125,0.34531249999999997,0.26749999999999996,0.32099999999999995
err_norm,sim2real,Sim_252,18,0.15527074074074074,0.08531249999999999,0.3428125,0.25750000000000006,0.30900000000000005
err_norm,sim2real,Sim_252,19,0.15825399122807016,0.0896875,0.33593750000000006,0.24625000000000005,0.29550000000000004
err_norm,sim2real,Sim_252,20,0.164050375,0.0953125,0.3328125,0.23750000000000002,0.28500000000000003
err_norm,sim2real,Sim_252,21,0.16023126984126984,0.0953125,0.3221875,0.22687500000000002,0.27225
err_norm,sim2real,Sim_252,22,0.15702530303030302,0.09468750000000001,0.3121875,0.2175,0.261
err_norm,sim2real,Sim_252,23,0.1545952536231884,0.0953125,0.3028125,0.2075,0.24899999999999997
err_norm,sim2real,Sim_252,24,0.15331173611111112,0.09593750000000001,0.29531250000000003,0.19937500000000002,0.23925000000000002
err_norm,sim2real,Sim_252,25,0.15079309999999999,0.09593750000000001,0.28718750000000004,0.19125000000000003,0.22950000000000004
err_norm,sim2real,Sim_252,26,0.15069567307692308,0.09718750000000001,0.2815625,0.18437499999999998,0.22124999999999997
err_norm,sim2real,Sim_252,27,0.15049617283950617,0.0978125,0.2765625,0.17875,0.2145
err_norm,sim2real,Sim_252,28,0.1760947023809524,0.10593750000000002,0.3203125,0.21437499999999998,0.25725
err_norm,sim2real,Sim_252,29,0.1726403448275862,0.10593750000000002,0.3121875,0.20625,0.24749999999999997
err_norm,sim2real,Sim_252,30,0.178314,0.10843750000000002,0.3134375,0.20499999999999996,0.24599999999999994
err_norm,sim2real,Sim_252,31,0.17473701612903228,0.1078125,0.30593750000000003,0.19812500000000002,0.23775000000000002
err_norm,sim2real,Sim_252,32,0.17835755208333334,0.11031250000000001,0.3053125,0.19499999999999998,0.23399999999999996
err_norm,sim2real,Sim_252,33,0.1772906565656566,0.11031250000000001,0.3003125,0.18999999999999997,0.22799999999999995
err_norm,sim2real,Sim_252,34,0.17427276960784316,0.1096875,0.29406250000000006,0.18437500000000007,0.22125000000000009
err_norm,sim2real,Sim_252,35,0.17513104761904763,0.1109375,0.2915625,0.180625,0.21675
err_norm,sim2real,Sim_252,36,0.17552173611111113,0.1121875,0.28843750000000007,0.17625000000000007,0.21150000000000008
err_norm,sim2real,Sim_252,37,0.1733334684684685,0.1121875,0.28343750000000006,0.17125000000000007,0.20550000000000007
err_norm,sim2real,Sim_252,38,0.16936567982456144,0.11031250000000001,0.27718750000000003,0.16687500000000002,0.20025
err_norm,sim2real,Sim_756,1,0.016469166666666667,0.02,0.98,0.96,1.152
err_norm,sim2real,Sim_756,2,0.01225375,0.02,0.98,0.96,1.152
err_norm,sim2real,Sim_756,3,0.07465833333333333,0.02,0.98,0.96,1.152
err_norm,sim2real,Sim_756,4,0.1259275,0.02,0.98,0.96,1.152
err_norm,sim2real,Sim_756,5,0.14041333333333333,0.02,0.6053124999999999,0.5853124999999999,0.7023749999999999
err_norm,sim2real,Sim_756,6,0.1650184722222222,0.02,0.5440625,0.5240625,0.628875
err_norm,sim2real,Sim_756,7,0.1566635714285714,0.02,0.5059375,0.4859375,0.583125
err_norm,sim2real,Sim_756,8,0.1483158333333333,0.02,0.4778125,0.45781249999999996,0.549375
err_norm,sim2real,Sim_756,9,0.1380385185185185,0.02,0.4528125,0.4328125,0.5193749999999999
err_norm,sim2real,Sim_756,10,0.1331605833333333,0.02,0.4321875,0.4121875,0.494625
err_norm,sim2real,Sim_756,11,0.13584424242424242,0.0221875,0.4165625,0.39437500000000003,0.47325
err_norm,sim2real,Sim_756,12,0.13375583333333332,0.0321875,0.39968750000000003,0.36750000000000005,0.44100000000000006
err_norm,sim2real,Sim_756,13,0.1317545512820513,0.0403125,0.38406250000000003,0.34375,0.4125
err_norm,sim2real,Sim_756,14,0.1389460119047619,0.0546875,0.3753125,0.320625,0.38475
err_norm,sim2real,Sim_756,15,0.14320855555555553,0.06468750000000001,0.36593749999999997,0.30124999999999996,0.36149999999999993
err_norm,sim2real,Sim_756,16,0.14589630208333332,0.07218750000000002,0.35656249999999995,0.28437499999999993,0.3412499999999999
err_norm,sim2real,Sim_756,17,0.14657284313725488,0.07718750000000002,0.34656249999999994,0.2693749999999999,0.32324999999999987
err_norm,sim2real,Sim_756,18,0.15527074074074074,0.0871875,0.3446875,0.25749999999999995,0.30899999999999994
err_norm,sim2real,Sim_756,19,0.15825399122807016,0.0921875,0.3378125,0.245625,0.29475
err_norm,sim2real,Sim_756,20,0.164050375,0.0990625,0.3353125,0.23625000000000002,0.28350000000000003
err_norm,sim2real,Sim_756,21,0.16023126984126984,0.09843750000000001,0.3246875,0.22625,0.2715
err_norm,sim2real,Sim_756,22,0.15702530303030302,0.0978125,0.3153125,0.2175,0.261
err_norm,sim2real,Sim_756,23,0.1545952536231884,0.0978125,0.3065625,0.20875000000000002,0.2505
err_norm,sim2real,Sim_756,24,0.15331173611111112,0.0990625,0.2996875,0.200625,0.24075
err_norm,sim2real,Sim_756,25,0.15079309999999999,0.09843750000000001,0.29218750000000004,0.19375000000000003,0.23250000000000004
err_norm,sim2real,Sim_756,26,0.15069567307692308,0.1003125,0.2865625,0.18625,0.2235
err_norm,sim2real,Sim_756,27,0.15049617283950617,0.1015625,0.2815625,0.18,0.216
err_norm,sim2real,Sim_756,28,0.1760947023809524,0.1121875,0.3221875,0.21000000000000002,0.252
err_norm,sim2real,Sim_756,29,0.1726403448275862,0.11156249999999998,0.3146875,0.20312500000000003,0.24375000000000002
err_norm,sim2real,Sim_756,30,0.178314,0.1146875,0.31593750000000004,0.20125000000000004,0.24150000000000005
err_norm,sim2real,Sim_756,31,0.17473701612903228,0.1134375,0.3084375,0.19499999999999998,0.23399999999999996
err_norm,sim2real,Sim_756,32,0.17835755208333334,0.1159375,0.3078125,0.191875,0.23024999999999998
err_norm,sim2real,Sim_756,33,0.1772906565656566,0.11656249999999999,0.30343749999999997,0.18687499999999999,0.22424999999999998
err_norm,sim2real,Sim_756,34,0.17427276960784316,0.1159375,0.2971875,0.18125,0.2175
err_norm,sim2real,Sim_756,35,0.17513104761904763,0.1171875,0.29468750000000005,0.17750000000000005,0.21300000000000005
err_norm,sim2real,Sim_756,36,0.17552173611111113,0.1184375,0.2915625,0.173125,0.20775
err_norm,sim2real,Sim_756,37,0.1733334684684685,0.11781249999999999,0.28718750000000004,0.16937500000000005,0.20325000000000007
err_norm,sim2real,Sim_756,38,0.16936567982456144,0.1159375,0.2809375,0.165,0.198
err_norm,sim2real,Sim_10080,1,0.016469166666666667,0.02,0.98,0.96,1.152
err_norm,sim2real,Sim_10080,2,0.01225375,0.02,0.98,0.96,1.152
err_norm,sim2real,Sim_10080,3,0.07465833333333333,0.02,0.98,0.96,1.152
err_norm,sim2real,Sim_10080,4,0.1259275,0.02,0.98,0.96,1.152
err_norm,sim2real,Sim_10080,5,0.14041333333333333,0.02,0.6665625,0.6465624999999999,0.7758749999999999
err_norm,sim2real,Sim_10080,6,0.1650184722222222,0.02,0.5621875000000001,0.5421875,0.650625
err_norm,sim2real,Sim_10080,7,0.1566635714285714,0.02,0.5115624999999999,0.4915624999999999,0.5898749999999998
err_norm,sim2real,Sim_10080,8,0.1483158333333333,0.02,0.4803125,0.46031249999999996,0.552375
err_norm,sim2real,Sim_10080,9,0.1380385185185185,0.02,0.45156250000000003,0.4315625,0.517875
err_norm,sim2real,Sim_10080,10,0.1331605833333333,0.020312499999999997,0.42843749999999997,0.40812499999999996,0.4897499999999999
err_norm,sim2real,Sim_10080,11,0.13584424242424242,0.037812500000000006,0.4109375,0.373125,0.44775
err_norm,sim2real,Sim_10080,12,0.13375583333333332,0.0453125,0.3921875,0.34687500000000004,0.41625000000000006
err_norm,sim2real,Sim_10080,13,0.1317545512820513,0.050937500000000004,0.3746875,0.32375,0.38849999999999996
err_norm,sim2real,Sim_10080,14,0.1389460119047619,0.0628125,0.36593749999999997,0.303125,0.36374999999999996
err_norm,sim2real,Sim_10080,15,0.14320855555555553,0.0703125,0.35593749999999996,0.28562499999999996,0.34274999999999994
err_norm,sim2real,Sim_10080,16,0.14589630208333332,0.0765625,0.34656249999999994,0.2699999999999999,0.3239999999999999
err_norm,sim2real,Sim_10080,17,0.14657284313725488,0.0809375,0.33593750000000006,0.25500000000000006,0.30600000000000005
err_norm,sim2real,Sim_10080,18,0.15527074074074074,0.09156249999999999,0.3340625,0.2425,0.291
err_norm,sim2real,Sim_10080,19,0.15825399122807016,0.09718750000000001,0.3278125,0.230625,0.27675
err_norm,sim2real,Sim_10080,20,0.164050375,0.1040625,0.3253125,0.22125,0.2655
err_norm,sim2real,Sim_10080,21,0.16023126984126984,0.1028125,0.3146875,0.211875,0.25425
err_norm,sim2real,Sim_10080,22,0.15702530303030302,0.10218750000000001,0.3046875,0.20249999999999999,0.24299999999999997
err_norm,sim2real,Sim_10080,23,0.1545952536231884,0.10218750000000001,0.2959375,0.19375,0.23249999999999998
err_norm,sim2real,Sim_10080,24,0.15331173611111112,0.10343750000000002,0.28906250000000006,0.18562500000000004,0.22275000000000003
err_norm,sim2real,Sim_10080,25,0.15079309999999999,0.1028125,0.2815625,0.17875,0.2145
err_norm,sim2real,Sim_10080,26,0.15069567307692308,0.10468750000000002,0.2759375,0.17124999999999999,0.2055
err_norm,sim2real,Sim_10080,27,0.15049617283950617,0.10593750000000002,0.2709375,0.16499999999999998,0.19799999999999998
err_norm,sim2real,Sim_10080,28,0.1760947023809524,0.1171875,0.3146875,0.1975,0.237
err_norm,sim2real,Sim_10080,29,0.1726403448275862,0.11656249999999999,0.3065625,0.19000000000000003,0.22800000000000004
err_norm,sim2real,Sim_10080,30,0.178314,0.1196875,0.3084375,0.18874999999999997,0.22649999999999995
err_norm,sim2real,Sim_10080,31,0.17473701612903228,0.1184375,0.3009375,0.18250000000000002,0.21900000000000003
err_norm,sim2real,Sim_10080,32,0.17835755208333334,0.1209375,0.3003125,0.17937499999999998,0.21524999999999997
err_norm,sim2real,Sim_10080,33,0.1772906565656566,0.1209375,0.2959375,0.17500000000000002,0.21000000000000002
err_norm,sim2real,Sim_10080,34,0.17427276960784316,0.12031249999999999,0.28968750000000004,0.16937500000000005,0.20325000000000007
err_norm,sim2real,Sim_10080,35,0.17513104761904763,0.12156249999999999,0.28718750000000004,0.16562500000000005,0.19875000000000007
err_norm,sim2real,Sim_10080,36,0.17552173611111113,0.1221875,0.28468750000000004,0.16250000000000003,0.19500000000000003
err_norm,sim2real,Sim_10080,37,0.1733334684684685,0.1221875,0.27968750000000003,0.15750000000000003,0.18900000000000003
err_norm,sim2real,Sim_10080,38,0.16936567982456144,0.12031249999999999,0.27343750000000006,0.15312500000000007,0.18375000000000008
err_norm,sim2real,Sim_7_biased,1,0.016469166666666667,0.02,0.98,0.96,1.152
err_norm,sim2real,Sim_7_biased,2,0.01225375,0.02,0.98,0.96,1.152
err_norm,sim2real,Sim_7_biased,3,0.07465833333333333,0.02,0.98,0.96,1.152
err_norm,sim2real,Sim_7_biased,4,0.1259275,0.02,0.98,0.96,1.152
err_norm,sim2real,Sim_7_biased,5,0.14041333333333333,0.02,0.55,0.53,0.636
err_norm,sim2real,Sim_7_biased,6,0.1650184722222222,0.02,0.51,0.49,0.588
err_norm,sim2real,Sim_7_biased,7,0.1566635714285714,0.02,0.47,0.44999999999999996,0.5399999999999999
err_norm,sim2real,Sim_7_biased,8,0.1483158333333333,0.02,0.43,0.41,0.49199999999999994
err_norm,sim2real,Sim_7_biased,9,0.1380385185185185,0.02,0.39,0.37,0.444
err_norm,sim2real,Sim_7_biased,10,0.1331605833333333,0.02,0.37,0.35,0.42
err_norm,sim2real,Sim_7_biased,11,0.13584424242424242,0.03,0.35,0.31999999999999995,0.38399999999999995
err_norm,sim2real,Sim_7_biased,12,0.13375583333333332,0.05,0.33,0.28,0.336
err_norm,sim2real,Sim_7_biased,13,0.1317545512820513,0.05,0.33,0.28,0.336
err_norm,sim2real,Sim_7_biased,14,0.1389460119047619,0.07,0.31,0.24,0.288
err_norm,sim2real,Sim_7_biased,15,0.14320855555555553,0.07,0.31,0.24,0.288
err_norm,sim2real,Sim_7_biased,16,0.14589630208333332,0.09,0.31,0.22,0.264
err_norm,sim2real,Sim_7_biased,17,0.14657284313725488,0.09,0.29000000000000004,0.20000000000000004,0.24000000000000005
err_norm,sim2real,Sim_7_biased,18,0.15527074074074074,0.11,0.29000000000000004,0.18000000000000005,0.21600000000000005
err_norm,sim2real,Sim_7_biased,19,0.15825399122807016,0.11,0.29000000000000004,0.18000000000000005,0.21600000000000005
err_norm,sim2real,Sim_7_biased,20,0.164050375,0.11,0.29000000000000004,0.18000000000000005,0.21600000000000005
err_norm,sim2real,Sim_7_biased,21,0.16023126984126984,0.11,0.29000000000000004,0.18000000000000005,0.21600000000000005
err_norm,sim2real,Sim_7_biased,22,0.15702530303030302,0.11,0.27,0.16000000000000003,0.19200000000000003
err_norm,sim2real,Sim_7_biased,23,0.1545952536231884,0.11,0.27,0.16000000000000003,0.19200000000000003
err_norm,sim2real,Sim_7_biased,24,0.15331173611111112,0.11,0.27,0.16000000000000003,0.19200000000000003
err_norm,sim2real,Sim_7_biased,25,0.15079309999999999,0.11,0.25,0.14,0.168
err_norm,sim2real,Sim_7_biased,26,0.15069567307692308,0.11,0.25,0.14,0.168
err_norm,sim2real,Sim_7_biased,27,0.15049617283950617,0.11,0.25,0.14,0.168
err_norm,sim2real,Sim_7_biased,28,0.1760947023809524,0.13,0.29000000000000004,0.16000000000000003,0.19200000000000003
err_norm,sim2real,Sim_7_biased,29,0.1726403448275862,0.13,0.29000000000000004,0.16000000000000003,0.19200000000000003
err_norm,sim2real,Sim_7_biased,30,0.178314,0.13,0.29000000000000004,0.16000000000000003,0.19200000000000003
err_norm,sim2real,Sim_7_biased,31,0.17473701612903228,0.13,0.27,0.14,0.168
err_norm,sim2real,Sim_7_biased,32,0.17835755208333334,0.13,0.27,0.14,0.168
err_norm,sim2real,Sim_7_biased,33,0.1772906565656566,0.13,0.27,0.14,0.168
err_norm,sim2real,Sim_7_biased,34,0.17427276960784316,0.13,0.27,0.14,0.168
err_norm,sim2real,Sim_7_biased,35,0.17513104761904763,0.13,0.27,0.14,0.168
err_norm,sim2real,Sim_7_biased,36,0.17552173611111113,0.13,0.27,0.14,0.168
err_norm,sim2real,Sim_7_biased,37,0.1733334684684685,0.13,0.27,0.14,0.168
err_norm,sim2real,Sim_7_biased,38,0.16936567982456144,0.13,0.25,0.12,0.144
err_norm,e_value_wsr,none,1,0.016469166666666667,0.02,0.98,0.96,1.152
err_norm,e_value_wsr,none,2,0.01225375,0.02,0.98,0.96,1.152
err_norm,e_value_wsr,none,3,0.07465833333333333,0.02,0.98,0.96,1.152
err_norm,e_value_wsr,none,4,0.1259275,0.02,0.98,0.96,1.152
err_norm,e_value_wsr,none,5,0.14041333333333333,0.02,0.98,0.96,1.152
err_norm,e_value_wsr,none,6,0.1650184722222222,0.02,0.98,0.96,1.152
err_norm,e_value_wsr,none,7,0.1566635714285714,0.02,0.98,0.96,1.152
err_norm,e_value_wsr,none,8,0.1483158333333333,0.02,0.94,0.9199999999999999,1.1039999999999999
err_norm,e_value_wsr,none,9,0.1380385185185185,0.02,0.6,0.58,0.696
err_norm,e_value_wsr,none,10,0.1331605833333333,0.02,0.44,0.42,0.504
err_norm,e_value_wsr,none,11,0.13584424242424242,0.02,0.4,0.38,0.45599999999999996
err_norm,e_value_wsr,none,12,0.13375583333333332,0.02,0.38,0.36,0.432
err_norm,e_value_wsr,none,13,0.1317545512820513,0.02,0.36,0.33999999999999997,0.408
err_norm,e_value_wsr,none,14,0.1389460119047619,0.02,0.34,0.32,0.384
err_norm,e_value_wsr,none,15,0.14320855555555553,0.02,0.34,0.32,0.384
err_norm,e_value_wsr,none,16,0.14589630208333332,0.04,0.34,0.30000000000000004,0.36000000000000004
err_norm,e_value_wsr,none,17,0.14657284313725488,0.04,0.32,0.28,0.336
err_norm,e_value_wsr,none,18,0.15527074074074074,0.06,0.32,0.26,0.312
err_norm,e_value_wsr,none,19,0.15825399122807016,0.06,0.32,0.26,0.312
err_norm,e_value_wsr,none,20,0.164050375,0.08,0.32,0.24,0.288
err_norm,e_value_wsr,none,21,0.16023126984126984,0.08,0.3,0.21999999999999997,0.26399999999999996
err_norm,e_value_wsr,none,22,0.15702530303030302,0.08,0.3,0.21999999999999997,0.26399999999999996
err_norm,e_value_wsr,none,23,0.1545952536231884,0.08,0.28,0.2,0.24
err_norm,e_value_wsr,none,24,0.15331173611111112,0.08,0.28,0.2,0.24
err_norm,e_value_wsr,none,25,0.15079309999999999,0.08,0.28,0.2,0.24
err_norm,e_value_wsr,none,26,0.15069567307692308,0.08,0.28,0.2,0.24
err_norm,e_value_wsr,none,27,0.15049617283950617,0.08,0.26,0.18,0.216
err_norm,e_value_wsr,none,28,0.1760947023809524,0.1,0.32,0.22,0.264
err_norm,e_value_wsr,none,29,0.1726403448275862,0.1,0.3,0.19999999999999998,0.23999999999999996
err_norm,e_value_wsr,none,30,0.178314,0.1,0.3,0.19999999999999998,0.23999999999999996
err_norm,e_value_wsr,none,31,0.17473701612903228,0.1,0.3,0.19999999999999998,0.23999999999999996
err_norm,e_value_wsr,none,32,0.17835755208333334,0.1,0.3,0.19999999999999998,0.23999999999999996
err_norm,e_value_wsr,none,33,0.1772906565656566,0.1,0.3,0.19999999999999998,0.23999999999999996
err_norm,e_value_wsr,none,34,0.17427276960784316,0.1,0.28,0.18000000000000002,0.21600000000000003
err_norm,e_value_wsr,none,35,0.17513104761904763,0.1,0.28,0.18000000000000002,0.21600000000000003
err_norm,e_value_wsr,none,36,0.17552173611111113,0.1,0.28,0.18000000000000002,0.21600000000000003
err_norm,e_value_wsr,none,37,0.1733334684684685,0.1,0.28,0.18000000000000002,0.21600000000000003
err_norm,e_value_wsr,none,38,0.16936567982456144,0.1,0.28,0.18000000000000002,0.21600000000000003
err_norm,e_value_constant_0.25,none,1,0.016469166666666667,0.02,0.98,0.96,1.152
err_norm,e_value_constant_0.25,none,2,0.01225375,0.02,0.98,0.96,1.152
err_norm,e_value_constant_0.25,none,3,0.07465833333333333,0.02,0.98,0.96,1.152
err_norm,e_value_constant_0.25,none,4,0.1259275,0.02,0.98,0.96,1.152
err_norm,e_value_constant_0.25,none,5,0.14041333333333333,0.02,0.98,0.96,1.152
err_norm,e_value_constant_0.25,none,6,0.1650184722222222,0.02,0.98,0.96,1.152
err_norm,e_value_constant_0.25,none,7,0.1566635714285714,0.02,0.98,0.96,1.152
err_norm,e_value_constant_0.25,none,8,0.1483158333333333,0.02,0.98,0.96,1.152
err_norm,e_value_constant_0.25,none,9,0.1380385185185185,0.02,0.98,0.96,1.152
err_norm,e_value_constant_0.25,none,10,0.1331605833333333,0.02,0.98,0.96,1.152
err_norm,e_value_constant_0.25,none,11,0.13584424242424242,0.02,0.98,0.96,1.152
err_norm,e_value_constant_0.25,none,12,0.13375583333333332,0.02,0.98,0.96,1.152
err_norm,e_value_constant_0.25,none,13,0.1317545512820513,0.02,0.98,0.96,1.152
err_norm,e_value_constant_0.25,none,14,0.1389460119047619,0.02,0.98,0.96,1.152
err_norm,e_value_constant_0.25,none,15,0.14320855555555553,0.02,0.98,0.96,1.152
err_norm,e_value_constant_0.25,none,16,0.14589630208333332,0.02,0.98,0.96,1.152
err_norm,e_value_constant_0.25,none,17,0.14657284313725488,0.02,0.98,0.96,1.152
err_norm,e_value_constant_0.25,none,18,0.15527074074074074,0.02,0.98,0.96,1.152
err_norm,e_value_constant_0.25,none,19,0.15825399122807016,0.02,0.98,0.96,1.152
err_norm,e_value_constant_0.25,none,20,0.164050375,0.02,0.98,0.96,1.152
err_norm,e_value_constant_0.25,none,21,0.16023126984126984,0.02,0.94,0.9199999999999999,1.1039999999999999
err_norm,e_value_constant_0.25,none,22,0.15702530303030302,0.02,0.9,0.88,1.056
err_norm,e_value_constant_0.25,none,23,0.1545952536231884,0.02,0.86,0.84,1.008
err_norm,e_value_constant_0.25,none,24,0.15331173611111112,0.02,0.82,0.7999999999999999,0.9599999999999999
err_norm,e_value_constant_0.25,none,25,0.15079309999999999,0.02,0.8,0.78,0.9359999999999999
err_norm,e_value_constant_0.25,none,26,0.15069567307692308,0.02,0.78,0.76,0.9119999999999999
err_norm,e_value_constant_0.25,none,27,0.15049617283950617,0.02,0.74,0.72,0.864
err_norm,e_value_constant_0.25,none,28,0.1760947023809524,0.02,0.76,0.74,0.888
err_norm,e_value_constant_0.25,none,29,0.1726403448275862,0.02,0.72,0.7,0.84
err_norm,e_value_constant_0.25,none,30,0.178314,0.02,0.72,0.7,0.84
err_norm,e_value_constant_0.25,none,31,0.17473701612903228,0.02,0.7,0.6799999999999999,0.816
err_norm,e_value_constant_0.25,none,32,0.17835755208333334,0.02,0.68,0.66,0.792
err_norm,e_value_constant_0.25,none,33,0.1772906565656566,0.02,0.66,0.64,0.768
err_norm,e_value_constant_0.25,none,34,0.17427276960784316,0.02,0.64,0.62,0.744
err_norm,e_value_constant_0.25,none,35,0.17513104761904763,0.02,0.64,0.62,0.744
err_norm,e_value_constant_0.25,none,36,0.17552173611111113,0.02,0.62,0.6,0.72
err_norm,e_value_constant_0.25,none,37,0.1733334684684685,0.02,0.6,0.58,0.696
err_norm,e_value_constant_0.25,none,38,0.16936567982456144,0.02,0.58,0.5599999999999999,0.6719999999999999
err_norm,e_value_constant_0.5,none,1,0.016469166666666667,0.02,0.98,0.96,1.152
err_norm,e_value_constant_0.5,none,2,0.01225375,0.02,0.98,0.96,1.152
err_norm,e_value_constant_0.5,none,3,0.07465833333333333,0.02,0.98,0.96,1.152
err_norm,e_value_constant_0.5,none,4,0.1259275,0.02,0.98,0.96,1.152
err_norm,e_value_constant_0.5,none,5,0.14041333333333333,0.02,0.98,0.96,1.152
err_norm,e_value_constant_0.5,none,6,0.1650184722222222,0.02,0.98,0.96,1.152
err_norm,e_value_constant_0.5,none,7,0.1566635714285714,0.02,0.98,0.96,1.152
err_norm,e_value_constant_0.5,none,8,0.1483158333333333,0.02,0.98,0.96,1.152
err_norm,e_value_constant_0.5,none,9,0.1380385185185185,0.02,0.98,0.96,1.152
err_norm,e_value_constant_0.5,none,10,0.1331605833333333,0.02,0.98,0.96,1.152
err_norm,e_value_constant_0.5,none,11,0.13584424242424242,0.02,0.94,0.9199999999999999,1.1039999999999999
err_norm,e_value_constant_0.5,none,12,0.13375583333333332,0.02,0.86,0.84,1.008
err_norm,e_value_constant_0.5,none,13,0.1317545512820513,0.02,0.8,0.78,0.9359999999999999
err_norm,e_value_constant_0.5,none,14,0.1389460119047619,0.02,0.76,0.74,0.888
err_norm,e_value_constant_0.5,none,15,0.14320855555555553,0.02,0.72,0.7,0.84
err_norm,e_value_constant_0.5,none,16,0.14589630208333332,0.02,0.68,0.66,0.792
err_norm,e_value_constant_0.5,none,17,0.14657284313725488,0.02,0.64,0.62,0.744
err_norm,e_value_constant_0.5,none,18,0.15527074074074074,0.02,0.62,0.6,0.72
err_norm,e_value_constant_0.5,none,19,0.15825399122807016,0.02,0.6,0.58,0.696
err_norm,e_value_constant_0.5,none,20,0.164050375,0.02,0.58,0.5599999999999999,0.6719999999999999
err_norm,e_value_constant_0.5,none,21,0.16023126984126984,0.02,0.56,0.54,0.648
err_norm,e_value_constant_0.5,none,22,0.15702530303030302,0.02,0.54,0.52,0.624
err_norm,e_value_constant_0.5,none,23,0.1545952536231884,0.02,0.52,0.5,0.6
err_norm,e_value_constant_0.5,none,24,0.15331173611111112,0.02,0.5,0.48,0.576
err_norm,e_value_constant_0.5,none,25,0.15079309999999999,0.02,0.48,0.45999999999999996,0.5519999999999999
err_norm,e_value_constant_0.5,none,26,0.15069567307692308,0.02,0.46,0.44,0.528
err_norm,e_value_constant_0.5,none,27,0.15049617283950617,0.02,0.46,0.44,0.528
err_norm,e_value_constant_0.5,none,28,0.1760947023809524,0.02,0.48,0.45999999999999996,0.5519999999999999
err_norm,e_value_constant_0.5,none,29,0.1726403448275862,0.02,0.46,0.44,0.528
err_norm,e_value_constant_0.5,none,30,0.178314,0.02,0.46,0.44,0.528
err_norm,e_value_constant_0.5,none,31,0.17473701612903228,0.02,0.44,0.42,0.504
err_norm,e_value_constant_0.5,none,32,0.17835755208333334,0.02,0.44,0.42,0.504
err_norm,e_value_constant_0.5,none,33,0.1772906565656566,0.02,0.42,0.39999999999999997,0.4799999999999999
err_norm,e_value_constant_0.5,none,34,0.17427276960784316,0.02,0.42,0.39999999999999997,0.4799999999999999
err_norm,e_value_constant_0.5,none,35,0.17513104761904763,0.02,0.42,0.39999999999999997,0.4799999999999999
err_norm,e_value_constant_0.5,none,36,0.17552173611111113,0.02,0.4,0.38,0.45599999999999996
err_norm,e_value_constant_0.5,none,37,0.1733334684684685,0.02,0.4,0.38,0.45599999999999996
err_norm,e_value_constant_0.5,none,38,0.16936567982456144,0.02,0.38,0.36,0.432
err_norm,hoeffding,none,1,0.016469166666666667,0.0,1.0,1.0,1.2
err_norm,hoeffding,none,2,0.01225375,0.0,0.9725765413199206,0.9725765413199206,1.1670918495839047
err_norm,hoeffding,none,3,0.07465833333333333,0.0,0.8587586090330186,0.8587586090330186,1.0305103308396222
err_norm,hoeffding,none,4,0.1259275,0.0,0.8049782578703096,0.8049782578703096,0.9659739094443716
err_norm,hoeffding,none,5,0.14041333333333333,0.0,0.7477747952416385,0.7477747952416385,0.8973297542899662
err_norm,hoeffding,none,6,0.1650184722222222,0.0,0.7194610942997112,0.7194610942997112,0.8633533131596534
err_norm,hoeffding,none,7,0.1566635714285714,0.0,0.6699776951185072,0.6699776951185072,0.8039732341422087
err_norm,hoeffding,none,8,0.1483158333333333,0.0,0.6284772289932936,0.6284772289932936,0.7541726747919523
err_norm,hoeffding,none,9,0.1380385185185185,0.0,0.5907390237653916,0.5907390237653916,0.7088868285184698
err_norm,hoeffding,none,10,0.1331605833333333,0.0,0.5626299916800708,0.5626299916800708,0.675155990016085
err_norm,hoeffding,none,11,0.13584424242424242,0.0,0.5453272565082954,0.5453272565082954,0.6543927078099544
err_norm,hoeffding,none,12,0.13375583333333332,0.0,0.525805971183176,0.525805971183176,0.6309671654198111
err_norm,hoeffding,none,13,0.1317545512820513,0.0,0.5084241399196026,0.5084241399196026,0.6101089679035231
err_norm,hoeffding,none,14,0.1389460119047619,0.0,0.5019139096447458,0.5019139096447458,0.6022966915736949
err_norm,hoeffding,none,15,0.14320855555555553,0.0,0.49386885908372014,0.49386885908372014,0.5926426309004641
err_norm,hoeffding,none,16,0.14589630208333332,0.0,0.48542168101848815,0.48542168101848815,0.5825060172221858
err_norm,hoeffding,none,17,0.14657284313725488,0.0,0.4759608431201972,0.4759608431201972,0.5711530117442366
err_norm,hoeffding,none,18,0.15527074074074074,0.0,0.4753783378473809,0.4753783378473809,0.5704540054168571
err_norm,hoeffding,none,19,0.15825399122807016,0.0,0.46982384713242664,0.46982384713242664,0.563788616558912
err_norm,hoeffding,none,20,0.164050375,0.0,0.46773110595415257,0.46773110595415257,0.561277327144983
err_norm,hoeffding,none,21,0.16023126984126984,0.0,0.4565933173324912,0.4565933173324912,0.5479119807989894
err_norm,hoeffding,none,22,0.15702530303030302,0.0,0.44657351906984344,0.44657351906984344,0.5358882228838121
err_norm,hoeffding,none,23,0.1545952536231884,0.0,0.4377789954078688,0.4377789954078688,0.5253347944894425
err_norm,hoeffding,none,24,0.15331173611111112,0.0,0.43053304714985563,0.43053304714985563,0.5166396565798267
err_norm,hoeffding,none,25,0.15079309999999999,0.0,0.4224134031481238,0.4224134031481238,0.5068960837777485
err_norm,hoeffding,none,26,0.15069567307692308,0.0,0.417041293469283,0.417041293469283,0.5004495521631396
err_norm,hoeffding,none,27,0.15049617283950617,0.0,0.41186293140606794,0.41186293140606794,0.4942355176872815
err_norm,hoeffding,none,28,0.1760947023809524,0.0,0.4327517642259203,0.4327517642259203,0.5193021170711044
err_norm,hoeffding,none,29,0.1726403448275862,0.0,0.4248334650718072,0.4248334650718072,0.5098001580861686
err_norm,hoeffding,none,30,0.178314,0.0,0.4262682785176982,0.4262682785176982,0.5115219342212378
err_norm,hoeffding,none,31,0.17473701612903228,0.0,0.418659249046647,0.418659249046647,0.5023910988559763
err_norm,hoeffding,none,32,0.17835755208333334,0.0,0.41843824991331346,0.41843824991331346,0.5021258998959761
err_norm,hoeffding,none,33,0.1772906565656566,0.0,0.4137057849756639,0.4137057849756639,0.49644694197079664
err_norm,hoeffding,none,34,0.17427276960784316,0.0,0.407185258037256,0.407185258037256,0.4886223096447072
err_norm,hoeffding,none,35,0.17513104761904763,0.0,0.404692102495334,0.404692102495334,0.4856305229944008
err_norm,hoeffding,none,36,0.17552173611111113,0.0,0.40187198873454766,0.40187198873454766,0.4822463864814572
err_norm,hoeffding,none,37,0.1733334684684685,0.0,0.3966039823140971,0.3966039823140971,0.4759247787769165
err_norm,hoeffding,none,38,0.16936567982456144,0.0,0.3896788377478474,0.3896788377478474,0.46761460529741683
err_norm,empirical_bernstein,none,1,0.016469166666666667,0.0,1.0,1.0,1.2
err_norm,empirical_bernstein,none,2,0.01225375,0.0,1.0,1.0,1.2
err_norm,empirical_bernstein,none,3,0.07465833333333333,0.0,1.0,1.0,1.2
err_norm,empirical_bernstein,none,4,0.1259275,0.0,1.0,1.0,1.2
err_norm,empirical_bernstein,none,5,0.14041333333333333,0.0,1.0,1.0,1.2
err_norm,empirical_bernstein,none,6,0.1650184722222222,0.0,1.0,1.0,1.2
err_norm,empirical_bernstein,none,7,0.1566635714285714,0.0,1.0,1.0,1.2
err_norm,empirical_bernstein,none,8,0.1483158333333333,0.0,1.0,1.0,1.2
err_norm,empirical_bernstein,none,9,0.1380385185185185,0.0,1.0,1.0,1.2
err_norm,empirical_bernstein,none,10,0.1331605833333333,0.0,1.0,1.0,1.2
err_norm,empirical_bernstein,none,11,0.13584424242424242,0.0,1.0,1.0,1.2
err_norm,empirical_bernstein,none,12,0.13375583333333332,0.0,0.9861035164719069,0.9861035164719069,1.183324219766288
err_norm,empirical_bernstein,none,13,0.1317545512820513,0.0,0.9137322156494496,0.9137322156494496,1.0964786587793396
err_norm,empirical_bernstein,none,14,0.1389460119047619,0.0,0.8640068527198366,0.8640068527198366,1.0368082232638038
err_norm,empirical_bernstein,none,15,0.14320855555555553,0.0,0.8178342942219337,0.8178342942219337,0.9814011530663204
err_norm,empirical_bernstein,none,16,0.14589630208333332,0.0,0.7762399864563938,0.7762399864563938,0.9314879837476725
err_norm,empirical_bernstein,none,17,0.14657284313725488,0.0,0.7377576997705462,0.7377576997705462,0.8853092397246554
err_norm,empirical_bernstein,none,18,0.15527074074074074,0.0,0.7168492452921966,0.7168492452921966,0.8602190943506359
err_norm,empirical_bernstein,none,19,0.15825399122807016,0.0,0.6893860272020838,0.6893860272020838,0.8272632326425005
err_norm,empirical_bernstein,none,20,0.164050375,0.0,0.6696562902775336,0.6696562902775336,0.8035875483330402
err_norm,empirical_bernstein,none,21,0.16023126984126984,0.0,0.6416950262258928,0.6416950262258928,0.7700340314710713
err_norm,empirical_bernstein,none,22,0.15702530303030302,0.0,0.616409306181803,0.616409306181803,0.7396911674181635
err_norm,empirical_bernstein,none,23,0.1545952536231884,0.0,0.5936339754289541,0.5936339754289541,0.7123607705147449
err_norm,empirical_bernstein,none,24,0.15331173611111112,0.0,0.573475377658759,0.573475377658759,0.6881704531905107
err_norm,empirical_bernstein,none,25,0.15079309999999999,0.0,0.5540330499073035,0.5540330499073035,0.6648396598887641
err_norm,empirical_bernstein,none,26,0.15069567307692308,0.0,0.5378754237666773,0.5378754237666773,0.6454505085200127
err_norm,empirical_bernstein,none,27,0.15049617283950617,0.0,0.5228489069077773,0.5228489069077773,0.6274186882893328
err_norm,empirical_bernstein,none,28,0.1760947023809524,0.0,0.5739301542163336,0.5739301542163336,0.6887161850596003
err_norm,empirical_bernstein,none,29,0.1726403448275862,0.0,0.5569195970101563,0.5569195970101563,0.6683035164121874
err_norm,empirical_bernstein,none,30,0.178314,0.0,0.5509595886566646,0.5509595886566646,0.6611515063879975
err_norm,empirical_bernstein,none,31,0.17473701612903228,0.0,0.5356623661710384,0.5356623661710384,0.642794839405246
err_norm,empirical_bernstein,none,32,0.17835755208333334,0.0,0.5283651422310041,0.5283651422310041,0.6340381706772048
err_norm,empirical_bernstein,none,33,0.1772906565656566,0.0,0.5164870350924923,0.5164870350924923,0.6197844421109907
err_norm,empirical_bernstein,none,34,0.17427276960784316,0.0,0.5037298661166025,0.5037298661166025,0.604475839339923
err_norm,empirical_bernstein,none,35,0.17513104761904763,0.0,0.4949954839570254,0.4949954839570254,0.5939945807484305
err_norm,empirical_bernstein,none,36,0.17552173611111113,0.0,0.48630857024241225,0.48630857024241225,0.5835702842908946
err_norm,empirical_bernstein,none,37,0.1733334684684685,0.0,0.4758077826449121,0.4758077826449121,0.5709693391738945
err_norm,empirical_bernstein,none,38,0.16936567982456144,0.0,0.4646196869712873,0.4646196869712873,0.5575436243655447
err_norm,t_test,none,1,0.016469166666666667,0.0,1.0,1.0,1.2
err_norm,t_test,none,2,0.01225375,0.0,0.06581569721494973,0.06581569721494973,0.07897883665793967
err_norm,t_test,none,3,0.07465833333333333,0.0,0.3433677036765877,0.3433677036765877,0.4120412444119052
err_norm,t_test,none,4,0.1259275,0.0,0.34127014808883693,0.34127014808883693,0.4095241777066043
err_norm,t_test,none,5,0.14041333333333333,0.0,0.29139253827603784,0.29139253827603784,0.3496710459312454
err_norm,t_test,none,6,0.1650184722222222,0.03453092216548123,0.29550602227896317,0.2609751001134819,0.3131701201361783
err_norm,t_test,none,7,0.1566635714285714,0.04971496894545237,0.26361217391169045,0.2138972049662381,0.2566766459594857
err_norm,t_test,none,8,0.1483158333333333,0.056659589233070226,0.2399720774335964,0.18331248820052615,0.21997498584063138
err_norm,t_test,none,9,0.1380385185185185,0.055723702230359606,0.2203533348066774,0.1646296325763178,0.19755555909158135
err_norm,t_test,none,10,0.1331605833333333,0.060097803591059165,0.20622336307560746,0.1461255594845483,0.17535067138145796
err_norm,t_test,none,11,0.13584424242424242,0.07047623309470025,0.2012122517537846,0.13073601865908435,0.15688322239090122
err_norm,t_test,none,12,0.13375583333333332,0.07463154218166719,0.19288012448499947,0.11824858230333228,0.14189829876399873
err_norm,t_test,none,13,0.1317545512820513,0.07773970490312257,0.18576939766098002,0.10802969275785745,0.12963563130942893
err_norm,t_test,none,14,0.1389460119047619,0.08698433156715721,0.19090769224236662,0.10392336067520941,0.12470803281025128
err_norm,t_test,none,15,0.14320855555555553,0.09432132718689427,0.19209578392421678,0.0977744567373225,0.117329348084787
err_norm,t_test,none,16,0.14589630208333332,0.10009119436330394,0.1917014098033627,0.09161021544005876,0.10993225852807051
err_norm,t_test,none,17,0.14657284313725488,0.10375544723189939,0.18939023904261038,0.08563479181071099,0.10276175017285318
err_norm,t_test,none,18,0.15527074074074074,0.11110165302698599,0.19943982845449548,0.08833817542750949,0.10600581051301139
err_norm,t_test,none,19,0.15825399122807016,0.11618087640012115,0.20032710605601917,0.08414622965589802,0.10097547558707762
err_norm,t_test,none,20,0.164050375,0.12247680875533834,0.20562394124466166,0.08314713248932332,0.09977655898718797
err_norm,t_test,none,21,0.16023126984126984,0.12002320656072518,0.2004393331218145,0.08041612656108932,0.09649935187330717
err_norm,t_test,none,22,0.15702530303030302,0.11822795825729479,0.19582264780331124,0.07759468954601645,0.09311362745521974
err_norm,t_test,none,23,0.1545952536231884,0.11728353325282041,0.19190697399355638,0.07462344074073597,0.08954812888888317
err_norm,t_test,none,24,0.15331173611111112,0.11757953664458383,0.18904393557763843,0.0714643989330546,0.08575727871966553
err_norm,t_test,none,25,0.15079309999999999,0.11620596648660395,0.18538023351339603,0.06917426702679208,0.08300912043215049
err_norm,t_test,none,26,0.15069567307692308,0.11753502224480296,0.18385632390904322,0.06632130166424026,0.07958556199708831
err_norm,t_test,none,27,0.15049617283950617,0.11864679561636378,0.18234555006264858,0.0636987544462848,0.07643850533554175
err_norm,t_test,none,28,0.1760947023809524,0.11528932293878683,0.23690008182311798,0.12161075888433115,0.14593291066119737
err_norm,t_test,none,29,0.1726403448275862,0.11364119136311177,0.23163949829206062,0.11799830692894886,0.14159796831473861
err_norm,t_test,none,30,0.178314,0.12023285139052658,0.23639514860947342,0.11616229721894683,0.13939475666273618
err_norm,t_test,none,31,0.17473701612903228,0.11816824227144773,0.23130578998661683,0.1131375477151691,0.1357650572582029
err_norm,t_test,none,32,0.17835755208333334,0.12316289976157221,0.23355220440509442,0.1103893046435222,0.13246716557222663
err_norm,t_test,none,33,0.1772906565656566,0.1238182060687151,0.23076310706259803,0.10694490099388293,0.1283338811926595
err_norm,t_test,none,34,0.17427276960784316,0.12209593514524146,0.2264496040704448,0.10435366892520333,0.125224402710244
err_norm,t_test,none,35,0.17513104761904763,0.12449340629171685,0.22576868894637836,0.10127528265466151,0.1215303391855938
err_norm,t_test,none,36,0.17552173611111113,0.12635613391074502,0.2246873383114772,0.09833120440073218,0.1179974452808786
err_norm,t_test,none,37,0.1733334684684685,0.1253568554519197,0.22131008148501724,0.09595322603309753,0.11514387123971703
err_norm,t_test,none,38,0.16936567982456144,0.12202482184638952,0.2167065378027333,0.09468171595634378,0.11361805914761253
err_norm,z_test,none,1,0.016469166666666667,0.0,1.0,1.0,1.2
err_norm,z_test,none,2,0.01225375,0.003991685153503448,0.020515814846496554,0.016524129692993106,0.019828955631591726
err_norm,z_test,none,3,0.07465833333333333,0.0,0.19706205058891593,0.19706205058891593,0.2364744607066991
err_norm,z_test,none,4,0.1259275,0.0,0.2585499526990024,0.2585499526990024,0.31025994323880285
err_norm,z_test,none,5,0.14041333333333333,0.03383323075964613,0.24699343590702055,0.21316020514737444,0.2557922461768493
err_norm,z_test,none,6,0.1650184722222222,0.0655270283021838,0.2645099161422606,0.19898288784007678,0.23877946540809214
err_norm,z_test,none,7,0.1566635714285714,0.07099828317320601,0.2423288596839368,0.1713305765107308,0.20559669181287696
err_norm,z_test,none,8,0.1483158333333333,0.07234480441670015,0.22428686224996647,0.1519420578332663,0.18233046939991956
err_norm,z_test,none,9,0.1380385185185185,0.06807590533155712,0.2080011317054799,0.1399252263739228,0.16791027164870734
err_norm,z_test,none,10,0.1331605833333333,0.06985798912802782,0.1964631775386388,0.12660518841061097,0.15192622609273315
err_norm,z_test,none,11,0.13584424242424242,0.07834381155442957,0.19334467329405527,0.1150008617396257,0.13800103408755085
err_norm,z_test,none,12,0.13375583333333332,0.08110600935001258,0.18640565731665407,0.10529964796664149,0.12635957755996977
err_norm,z_test,none,13,0.1317545512820513,0.08316517632902551,0.18034392623507708,0.09717874990605158,0.11661449988726189
err_norm,z_test,none,14,0.1389460119047619,0.09180451050720062,0.1860875133023232,0.09428300279512258,0.11313960335414709
err_norm,z_test,none,15,0.14320855555555553,0.09853408631983779,0.18788302479127328,0.08934893847143549,0.10721872616572259
err_norm,z_test,none,16,0.14589630208333332,0.10377643974539677,0.18801616442126987,0.0842397246758731,0.10108766961104772
err_norm,z_test,none,17,0.14657284313725488,0.10698590785428838,0.18615977842022138,0.079173870565933,0.0950086446791196
err_norm,z_test,none,18,0.15527074074074074,0.11423880313515478,0.1963026783463267,0.08206387521117192,0.09847665025340631
err_norm,z_test,none,19,0.15825399122807016,0.11900370578162049,0.1975042766745198,0.07850057089289932,0.09420068507147918
err_norm,z_test,none,20,0.164050375,0.12511977008085975,0.20298097991914024,0.07786120983828049,0.09343345180593658
err_norm,z_test,none,21,0.16023126984126984,0.12245191372586482,0.19801062595667485,0.07555871223081002,0.09067045467697203
err_norm,z_test,none,22,0.15702530303030302,0.12046015001227389,0.19359045604833214,0.07313030603605825,0.08775636724326989
err_norm,z_test,none,23,0.1545952536231884,0.11933290837220362,0.1898575988741732,0.07052469050196958,0.08462962860236349
err_norm,z_test,none,24,0.15331173611111112,0.11945701617579614,0.18716645604642612,0.06770943987062998,0.08125132784475597
err_norm,z_test,none,25,0.15079309999999999,0.11794771831551379,0.18363848168448618,0.0656907633689724,0.07882891604276687
err_norm,z_test,none,26,0.15069567307692308,0.11913827336329465,0.18225307279055153,0.06311479942725688,0.07573775931270825
err_norm,z_test,none,27,0.15049617283950617,0.12012753344477997,0.18086481223423237,0.0607372787894524,0.07288473454734287
err_norm,z_test,none,28,0.1760947023809524,0.11801175994700706,0.23417764481489772,0.11616588486789066,0.13939906184146877
err_norm,z_test,none,29,0.1726403448275862,0.11618857137429865,0.22909211828087372,0.11290354690657507,0.13548425628789007
err_norm,z_test,none,30,0.178314,0.12265425543626444,0.23397374456373554,0.1113194891274711,0.13358338695296532
err_norm,z_test,none,31,0.17473701612903228,0.12044809935479421,0.22902593290327034,0.10857783354847612,0.13029340025817135
err_norm,z_test,none,32,0.17835755208333334,0.12531571954185,0.23139938462481663,0.10608366508296663,0.12730039809955995
err_norm,z_test,none,33,0.1772906565656566,0.1258387632203999,0.22874254991091322,0.10290378669051331,0.12348454402861597
err_norm,z_test,none,34,0.17427276960784316,0.12400786547946606,0.2245376737362202,0.10052980825675413,0.12063576990810496
err_norm,z_test,none,35,0.17513104761904763,0.1262944274148451,0.22396766782325012,0.09767324040840503,0.11720788849008602
err_norm,z_test,none,36,0.17552173611111113,0.12805489543235396,0.22298857678986825,0.09493368135751429,0.11392041762901714
err_norm,z_test,none,37,0.1733334684684685,0.12696853983735346,0.2196983970995835,0.09272985726223004,0.11127582871467605
err_norm,z_test,none,38,0.16936567982456144,0.12357221334619481,0.215159146302928,0.0915869329567332,0.10990431954807985
err_norm,sequential_t_test,none,1,0.016469166666666667,0.0,1.0,1.0,1.2
err_norm,sequential_t_test,none,2,0.01225375,0.0,0.3342694684169859,0.3342694684169859,0.4011233621003831
err_norm,sequential_t_test,none,3,0.07465833333333333,0.0,1.0,1.0,1.2
err_norm,sequential_t_test,none,4,0.1259275,0.0,0.7663771296000723,0.7663771296000723,0.9196525555200867
err_norm,sequential_t_test,none,5,0.14041333333333333,0.0,0.5498119640066115,0.5498119640066115,0.6597743568079337
err_norm,sequential_t_test,none,6,0.1650184722222222,0.0,0.5006507110546601,0.5006507110546601,0.600780853265592
err_norm,sequential_t_test,none,7,0.1566635714285714,0.0,0.42278997042042477,0.42278997042042477,0.5073479645045097
err_norm,sequential_t_test,none,8,0.1483158333333333,0.0,0.3714092546717481,0.3714092546717481,0.44569110560609776
err_norm,sequential_t_test,none,9,0.1380385185185185,0.0,0.3353421545959321,0.3353421545959321,0.4024105855151185
err_norm,sequential_t_test,none,10,0.1331605833333333,0.0,0.3063724806417741,0.3063724806417741,0.36764697677012886
err_norm,sequential_t_test,none,11,0.13584424242424242,0.0,0.28957328773227164,0.28957328773227164,0.34748794527872595
err_norm,sequential_t_test,none,12,0.13375583333333332,0.0,0.271975795923966,0.271975795923966,0.3263709551087592
err_norm,sequential_t_test,none,13,0.1317545512820513,0.00603906308197133,0.25747003948213126,0.25143097640015993,0.3017171716801919
err_norm,sequential_t_test,none,14,0.1389460119047619,0.018409742951169664,0.2594822808583542,0.24107253790718453,0.28928704548862144
err_norm,sequential_t_test,none,15,0.14320855555555553,0.030083446723335586,0.2563336643877755,0.22625021766443992,0.2715002611973279
err_norm,sequential_t_test,none,16,0.14589630208333332,0.04009477869134287,0.25169782547532377,0.2116030467839809,0.25392365614077705
err_norm,sequential_t_test,none,17,0.14657284313725488,0.04780038975329513,0.24534529652121462,0.19754490676791947,0.23705388812150335
err_norm,sequential_t_test,none,18,0.15527074074074074,0.05347064281289496,0.2570708386685865,0.20360019585569153,0.2443202350268298
err_norm,sequential_t_test,none,19,0.15825399122807016,0.06133926360127516,0.25516871885486514,0.19382945525358997,0.23259534630430795
err_norm,sequential_t_test,none,20,0.164050375,0.06831519278219744,0.25978555721780255,0.1914703644356051,0.2297644373227261
err_norm,sequential_t_test,none,21,0.16023126984126984,0.0676487356947471,0.2528138039877926,0.18516506829304546,0.22219808195165455
err_norm,sequential_t_test,none,22,0.15702530303030302,0.06768342469975222,0.2463671813608538,0.1786837566611016,0.2144205079933219
err_norm,sequential_t_test,none,23,0.1545952536231884,0.06865481683315636,0.24053569041322045,0.1718808735800641,0.2062570482960769
err_norm,sequential_t_test,none,24,0.15331173611111112,0.0709809235191165,0.23564254870310575,0.16466162518398925,0.1975939502207871
err_norm,sequential_t_test,none,25,0.15079309999999999,0.07106527567494675,0.23052092432505322,0.15945564865010647,0.19134677838012776
err_norm,sequential_t_test,none,26,0.15069567307692308,0.07421597513501307,0.2271753710188331,0.15295939588382002,0.18355127506058402
err_norm,sequential_t_test,none,27,0.15049617283950617,0.07699725181375697,0.22399509386525537,0.1469978420514984,0.17639741046179808
err_norm,sequential_t_test,none,28,0.1760947023809524,0.03568306369344501,0.31650634106845976,0.2808232773750148,0.3369879328500177
err_norm,sequential_t_test,none,29,0.1726403448275862,0.036305131868128476,0.3089755577870439,0.27267042591891544,0.3272045111026985
err_norm,sequential_t_test,none,30,0.178314,0.04400186995403546,0.3126261300459645,0.2686242600919291,0.32234911211031486
err_norm,sequential_t_test,none,31,0.17473701612903228,0.0438223471363787,0.30565168512168583,0.26182933798530716,0.3141952055823686
err_norm,sequential_t_test,none,32,0.17835755208333334,0.050522092968694005,0.3061930111979726,0.25567091822927857,0.30680510187513427
err_norm,sequential_t_test,none,33,0.1772906565656566,0.05334354350743202,0.3012377696238811,0.24789422611644907,0.2974730713397389
err_norm,sequential_t_test,none,34,0.17427276960784316,0.053228705226658235,0.295316833989028,0.2420881287623698,0.29050575451484373
err_norm,sequential_t_test,none,35,0.17513104761904763,0.057558852513338185,0.292703242724757,0.2351443902114188,0.28217326825370254
err_norm,sequential_t_test,none,36,0.17552173611111113,0.0612700621185891,0.2897734101036331,0.22850334798504401,0.2742040175820528
err_norm,sequential_t_test,none,37,0.1733334684684685,0.061748830344927064,0.2849181065920099,0.22316927624708283,0.26780313149649937
err_norm,sequential_t_test,none,38,0.16936567982456144,0.05916426087820564,0.2795670987709172,0.22040283789271153,0.2644834054712538
err_norm,vincent,gap_0.05,1,0.016469166666666667,0.0,1.0,1.0,1.2
err_norm,vincent,gap_0.05,2,0.01225375,0.0,1.0,1.0,1.2
err_norm,vincent,gap_0.05,3,0.07465833333333333,0.020337560220754947,0.9069298473688847,0.8865922871481298,1.0639107445777556
err_norm,vincent,gap_0.05,4,0.1259275,0.035281871703711554,0.8454851971959193,0.8102033254922077,0.9722439905906493
err_norm,vincent,gap_0.05,5,0.14041333333333333,0.04974420490168807,0.7906779492637815,0.7409337443620935,0.8891204932345121
err_norm,vincent,gap_0.05,6,0.1650184722222222,0.0636729129878717,0.7523109594754689,0.6886380464875972,0.8263656557851166
err_norm,vincent,gap_0.05,7,0.1566635714285714,0.04536427616619387,0.7204207240689728,0.675056447902779,0.8100677374833347
err_norm,vincent,gap_0.05,8,0.1483158333333333,0.05910371103986112,0.7231284720501285,0.6640247610102674,0.7968297132123209
err_norm,vincent,gap_0.05,9,0.1380385185185185,0.07073616595318111,0.6950505540327335,0.6243143880795524,0.7491772656954628
err_norm,vincent,gap_0.05,10,0.1331605833333333,0.07129647564258523,0.6692962383717278,0.5979997627291426,0.717599715274971
err_norm,vincent,gap_0.05,11,0.13584424242424242,0.07895131113300369,0.6469429511342073,0.5679916400012036,0.6815899680014443
err_norm,vincent,gap_0.05,12,0.13375583333333332,0.07599932749527105,0.6273587556701292,0.5513594281748582,0.6616313138098298
err_norm,vincent,gap_0.05,13,0.1317545512820513,0.07490948949513698,0.6089320440773309,0.5340225545821939,0.6408270654986327
err_norm,vincent,gap_0.05,14,0.1389460119047619,0.0683743584654809,0.5912883078589751,0.5229139493934942,0.6274967392721931
err_norm,vincent,gap_0.05,15,0.14320855555555553,0.06477570215800177,0.5742484557528715,0.5094727535948698,0.6113673043138437
err_norm,vincent,gap_0.05,16,0.14589630208333332,0.06576500789863704,0.5585141677528899,0.4927491598542528,0.5912989918251034
err_norm,vincent,gap_0.05,17,0.14657284313725488,0.06514611253247238,0.5441617606669704,0.47901564813449804,0.5748187777613977
err_norm,vincent,gap_0.05,18,0.15527074074074074,0.06653145293201068,0.5318239708751671,0.4652925179431564,0.5583510215317876
err_norm,vincent,gap_0.05,19,0.15825399122807016,0.06215650484391899,0.5198362735940325,0.4576797687501135,0.5492157225001362
err_norm,vincent,gap_0.05,20,0.164050375,0.06761472182620731,0.513695360558138,0.4460806387319307,0.5352967664783168
err_norm,vincent,gap_0.05,21,0.16023126984126984,0.07266488265724314,0.5083384525495145,0.43567356989227135,0.5228082838707256
err_norm,vincent,gap_0.05,22,0.15702530303030302,0.07271032681234546,0.49848930112535567,0.4257789743130102,0.5109347691756122
err_norm,vincent,gap_0.05,23,0.1545952536231884,0.06958402490662852,0.4892818336645954,0.41969780875796686,0.5036373705095603
err_norm,vincent,gap_0.05,24,0.15331173611111112,0.0740411141360875,0.48814008109038,0.4140989669542925,0.496918760345151
err_norm,vincent,gap_0.05,25,0.15079309999999999,0.07827198154017423,0.4867799774376226,0.40850799589744835,0.490209595076938
err_norm,vincent,gap_0.05,26,0.15069567307692308,0.07672726689508469,0.47877386460895105,0.40204659771386636,0.4824559172566396
err_norm,vincent,gap_0.05,27,0.15049617283950617,0.07805403199451777,0.47266073314071816,0.3946067011462004,0.47352804137544047
err_norm,vincent,gap_0.05,28,0.1760947023809524,0.07896797409518008,0.46657058068227686,0.3876026065870968,0.4651231279045161
err_norm,vincent,gap_0.05,29,0.1726403448275862,0.07618382931863099,0.45975693370278725,0.38357310438415626,0.4602877252609875
err_norm,vincent,gap_0.05,30,0.178314,0.07689809610756115,0.4542154216168732,0.3773173255093121,0.4527807906111745
err_norm,vincent,gap_0.05,31,0.17473701612903228,0.08031951225608647,0.45414814831095707,0.3738286360548706,0.44859436326584473
err_norm,vincent,gap_0.05,32,0.17835755208333334,0.07968733269607708,0.4479881813038519,0.3683008486077748,0.4419610183293297
err_norm,vincent,gap_0.05,33,0.1772906565656566,0.08123263149723792,0.44410872412846203,0.3628760926312241,0.43545131115746893
err_norm,vincent,gap_0.05,34,0.17427276960784316,0.08431179728128835,0.44279300883251,0.35848121155122165,0.43017745386146594
err_norm,vincent,gap_0.05,35,0.17513104761904763,0.08444302487791466,0.4379992633253789,0.35355623844746425,0.4242674861369571
err_norm,vincent,gap_0.05,36,0.17552173611111113,0.08288857250690973,0.43275120399508327,0.34986263148817354,0.4198351577858082
err_norm,vincent,gap_0.05,37,0.1733334684684685,0.08155475587609762,0.42768324190126816,0.34612848602517055,0.4153541832302046
err_norm,vincent,gap_0.05,38,0.16936567982456144,0.08045732348738421,0.4228274579012662,0.342370134413882,0.41084416129665835
err_norm,vincent,gap_0.1,1,0.016469166666666667,0.0,1.0,1.0,1.2
err_norm,vincent,gap_0.1,2,0.01225375,0.0,1.0,1.0,1.2
err_norm,vincent,gap_0.1,3,0.07465833333333333,0.014208086435753442,0.9349799701233499,0.9207718836875964,1.1049262604251158
err_norm,vincent,gap_0.1,4,0.1259275,0.027086051748997475,0.8760469327151225,0.848960880966125,1.01875305715935
err_norm,vincent,gap_0.1,5,0.14041333333333333,0.040901465029569595,0.8247225914122881,0.7838211263827185,0.9405853516592622
err_norm,vincent,gap_0.1,6,0.1650184722222222,0.052611647024135566,0.7863556016239754,0.7337439545998399,0.8804927455198078
err_norm,vincent,gap_0.1,7,0.1566635714285714,0.03616149401353075,0.7552596232745051,0.7190981292609744,0.8629177551131693
err_norm,vincent,gap_0.1,8,0.1483158333333333,0.048042445076124984,0.7571731141986351,0.7091306691225101,0.8509568029470121
err_norm,vincent,gap_0.1,9,0.1380385185185185,0.059130411731890486,0.7334447998114428,0.6743143880795524,0.8091772656954628
err_norm,vincent,gap_0.1,10,0.1331605833333333,0.06001163635733198,0.707914057471954,0.647902421114622,0.7774829053375464
err_norm,vincent,gap_0.1,11,0.13584424242424242,0.06789004516926744,0.6858816851704712,0.6179916400012038,0.7415899680014445
err_norm,vincent,gap_0.1,12,0.13375583333333332,0.06493806153153492,0.666600270108865,0.6016622085773301,0.7219946502927961
err_norm,vincent,gap_0.1,13,0.1317545512820513,0.06393985170645922,0.6495095563749725,0.5855697046685133,0.702683645602216
err_norm,vincent,gap_0.1,14,0.1389460119047619,0.057521384037314105,0.6330346643851864,0.5755132803478723,0.6906159364174468
err_norm,vincent,gap_0.1,15,0.14320855555555553,0.054017216596737416,0.6172934181088362,0.5632762015120988,0.6759314418145185
err_norm,vincent,gap_0.1,16,0.14589630208333332,0.055084124556650904,0.6020686480840978,0.5469845235274469,0.6563814282329362
err_norm,vincent,gap_0.1,17,0.14657284313725488,0.055062861965243126,0.587928473273435,0.5328656113081919,0.6394387335698303
err_norm,vincent,gap_0.1,18,0.15527074074074074,0.056969109484523606,0.5755105969217094,0.5185414874371858,0.6222497849246229
err_norm,vincent,gap_0.1,19,0.15825399122807016,0.053051261959887186,0.5637561197186693,0.5107048577587822,0.6128458293105385
err_norm,vincent,gap_0.1,20,0.164050375,0.05699726315410958,0.5575442046766902,0.5005469415225806,0.6006563298270967
err_norm,vincent,gap_0.1,21,0.16023126984126984,0.06183354806524577,0.5521182049806466,0.4902846569154008,0.5883415882984809
err_norm,vincent,gap_0.1,22,0.15702530303030302,0.06190111036678492,0.542510120830611,0.4806090104638261,0.5767308125565913
err_norm,vincent,gap_0.1,23,0.1545952536231884,0.058794701809362415,0.5334783736289086,0.4746836718195462,0.5696204061834554
err_norm,vincent,gap_0.1,24,0.15331173611111112,0.06315786440907822,0.5323145774696885,0.46915671306061024,0.5629880556727322
err_norm,vincent,gap_0.1,25,0.15079309999999999,0.06725661061847077,0.5308899665906358,0.46363335597216504,0.556360027166598
err_norm,vincent,gap_0.1,26,0.15069567307692308,0.06574574948141465,0.5229849549655108,0.45723920548409613,0.5486870465809154
err_norm,vincent,gap_0.1,27,0.15049617283950617,0.0671034856232916,0.5168643000899057,0.4497608144666141,0.5397129773599368
err_norm,vincent,gap_0.1,28,0.1760947023809524,0.06804584503930267,0.5107672445690252,0.44272139952972256,0.531265679435667
err_norm,vincent,gap_0.1,29,0.1726403448275862,0.06530335774021301,0.5040896789161002,0.43878632117588723,0.5265435854110646
err_norm,vincent,gap_0.1,30,0.178314,0.06605702073535014,0.49845929856516646,0.43240227782981633,0.5188827333957796
err_norm,vincent,gap_0.1,31,0.17473701612903228,0.06934253609569174,0.4983581355177462,0.42901559942205447,0.5148187193064654
err_norm,vincent,gap_0.1,32,0.17835755208333334,0.06873499825246265,0.4925193824124129,0.42378438415995023,0.5085412609919403
err_norm,vincent,gap_0.1,33,0.1772906565656566,0.07030971120218965,0.48855911041410205,0.4182493992119124,0.5018992790542949
err_norm,vincent,gap_0.1,34,0.17427276960784316,0.07323713274648902,0.48716477818401693,0.4139276454375279,0.4967131745250335
err_norm,vincent,gap_0.1,35,0.17513104761904763,0.07341438133224432,0.4822976116505501,0.40888323031830576,0.4906598763819669
err_norm,vincent,gap_0.1,36,0.17552173611111113,0.07190300813193429,0.4773778294045362,0.4054748212726019,0.48656978552712227
err_norm,vincent,gap_0.1,37,0.1733334684684685,0.07059607259458733,0.4726583919585555,0.4020623193639682,0.4824747832367618
err_norm,vincent,gap_0.1,38,0.16936567982456144,0.06952738687563631,0.4678874224381325,0.3983600355624962,0.47803204267499544
err_norm,vincent,gap_0.2,1,0.016469166666666667,0.0,1.0,1.0,1.2
err_norm,vincent,gap_0.2,2,0.01225375,0.0,1.0,1.0,1.2
err_norm,vincent,gap_0.2,3,0.07465833333333333,0.0019491388657505437,0.9910802156322803,0.9891310767665298,1.1869572921198357
err_norm,vincent,gap_0.2,4,0.1259275,0.014827104178994577,0.932147178224053,0.9173200740450584,1.10078408885407
err_norm,vincent,gap_0.2,5,0.14041333333333333,0.023615457384280947,0.8919293071857447,0.8683138498014638,1.0419766197617564
err_norm,vincent,gap_0.2,6,0.1650184722222222,0.03438378004257492,0.8535698917798846,0.8191861117373097,0.9830233340847716
err_norm,vincent,gap_0.2,7,0.1566635714285714,0.018476014269293906,0.8233489075715182,0.8048728933022243,0.9658474719626692
err_norm,vincent,gap_0.2,8,0.1483158333333333,0.028367453059085945,0.8247125224186328,0.7963450693595469,0.9556140832314561
err_norm,vincent,gap_0.2,9,0.1380385185185185,0.036976788977062136,0.801782450852197,0.7648056618751349,0.9177667942501618
err_norm,vincent,gap_0.2,10,0.1331605833333333,0.03919667745629529,0.7821389441188747,0.7429422666625795,0.8915307199950954
err_norm,vincent,gap_0.2,11,0.13584424242424242,0.046155244551821184,0.7630618982566395,0.7169066537048183,0.8602879844457819
err_norm,vincent,gap_0.2,12,0.13375583333333332,0.04370693277329063,0.7444309554765683,0.7007240227032777,0.8408688272439332
err_norm,vincent,gap_0.2,13,0.1317545512820513,0.04388681873223799,0.7277612122762448,0.6838743935440068,0.8206492722528081
err_norm,vincent,gap_0.2,14,0.1389460119047619,0.03841702248778467,0.7129365750679505,0.6745195525801658,0.809423463096199
err_norm,vincent,gap_0.2,15,0.14320855555555553,0.036372617633725124,0.6995483619426663,0.6631757443089412,0.7958108931707294
err_norm,vincent,gap_0.2,16,0.14589630208333332,0.03889088773004845,0.6866663298783927,0.6477754421483443,0.777330530578013
err_norm,vincent,gap_0.2,17,0.14657284313725488,0.03959731115728338,0.6744559681007576,0.6348586569434742,0.761830388332169
err_norm,vincent,gap_0.2,18,0.15527074074074074,0.042207162305204826,0.6620439493293216,0.6198367870241168,0.7438041444289402
err_norm,vincent,gap_0.2,19,0.15825399122807016,0.038909303021180786,0.6506877241903257,0.6117784211691449,0.7341341054029739
err_norm,vincent,gap_0.2,20,0.164050375,0.041350702065635625,0.6442925273607039,0.6029418252950682,0.7235301903540818
err_norm,vincent,gap_0.2,21,0.16023126984126984,0.043675527063686714,0.6387087458625287,0.595033218798842,0.7140398625586103
err_norm,vincent,gap_0.2,22,0.15702530303030302,0.04478834984042779,0.6295220054346101,0.5847336555941823,0.7016803867130188
err_norm,vincent,gap_0.2,23,0.1545952536231884,0.04264180958366026,0.6209490818927264,0.5783072723090661,0.6939687267708793
err_norm,vincent,gap_0.2,24,0.15331173611111112,0.044674136816790666,0.6195612014172287,0.574887064600438,0.6898644775205256
err_norm,vincent,gap_0.2,25,0.15079309999999999,0.046891399575934134,0.6179785700811319,0.5710871705051977,0.6853046046062373
err_norm,vincent,gap_0.2,26,0.15069567307692308,0.04602962738753513,0.6105500643702969,0.5645204369827618,0.6774245243793141
err_norm,vincent,gap_0.2,27,0.15049617283950617,0.048042157455431056,0.6042202836646824,0.5561781262092513,0.6674137514511016
err_norm,vincent,gap_0.2,28,0.1760947023809524,0.04964808993066505,0.5979307191982155,0.5482826292675504,0.6579391551210605
err_norm,vincent,gap_0.2,29,0.1726403448275862,0.04753978580102902,0.5917451589342048,0.5442053731331757,0.6530464477598109
err_norm,vincent,gap_0.2,30,0.178314,0.048946413272493605,0.5859280124425047,0.5369815991700111,0.6443779190040133
err_norm,vincent,gap_0.2,31,0.17473701612903228,0.05057093745519492,0.5856534276520942,0.5350824901968992,0.6420989882362791
err_norm,vincent,gap_0.2,32,0.17835755208333334,0.0505422045081001,0.5802637242667505,0.5297215197586504,0.6356658237103805
err_norm,vincent,gap_0.2,33,0.1772906565656566,0.052139576263746656,0.576131037132589,0.5239914608688423,0.6287897530426108
err_norm,vincent,gap_0.2,34,0.17427276960784316,0.053800412304465306,0.574578768496649,0.5207783561921837,0.6249340274306204
err_norm,vincent,gap_0.2,35,0.17513104761904763,0.05437083590070624,0.5698345946032568,0.5154637587025506,0.6185565104430607
err_norm,vincent,gap_0.2,36,0.17552173611111113,0.05334727698407593,0.565182680928682,0.511835403944606,0.6142024847335272
err_norm,vincent,gap_0.2,37,0.1733334684684685,0.05249904735934385,0.5607182794479502,0.5082192320886063,0.6098630785063276
err_norm,vincent,gap_0.2,38,0.16936567982456144,0.05185283755628012,0.5564313080679291,0.504578470511649,0.6054941646139788
err_norm,vincent,gap_0.3,1,0.016469166666666667,0.0,1.0,1.0,1.2
err_norm,vincent,gap_0.3,2,0.01225375,0.0,1.0,1.0,1.2
err_norm,vincent,gap_0.3,3,0.07465833333333333,0.0,1.0,1.0,1.2
err_norm,vincent,gap_0.3,4,0.1259275,0.0025681566089916785,0.9882474237329834,0.9856792671239917,1.18281512054879
err_norm,vincent,gap_0.3,5,0.14041333333333333,0.011356509814278049,0.948029552694675,0.936673042880397,1.1240076514564763
err_norm,vincent,gap_0.3,6,0.1650184722222222,0.017843802643791595,0.9183419536291095,0.9004981509853179,1.0805977811823815
err_norm,vincent,gap_0.3,7,0.1566635714285714,0.006164343023009278,0.8904510277000983,0.884286684677089,1.0611440216125068
err_norm,vincent,gap_0.3,8,0.1483158333333333,0.012318691154534878,0.8884895595378614,0.8761708683833265,1.0514050420599916
err_norm,vincent,gap_0.3,9,0.1380385185185185,0.01867162336263406,0.8690141072903959,0.8503424839277618,1.0204109807133142
err_norm,vincent,gap_0.3,10,0.1331605833333333,0.022623787067986956,0.8499344627767158,0.8273106757087288,0.9927728108504745
err_norm,vincent,gap_0.3,11,0.13584424242424242,0.027439836082510993,0.8334895835986403,0.8060497475161293,0.9672596970193552
err_norm,vincent,gap_0.3,12,0.13375583333333332,0.026979781731233055,0.8190112862658772,0.7920315045346441,0.9504378054415729
err_norm,vincent,gap_0.3,13,0.1317545512820513,0.02851509459915269,0.8049713013827572,0.7764562067836045,0.9317474481403254
err_norm,vincent,gap_0.3,14,0.1389460119047619,0.02451957679643657,0.7906462762664852,0.7661266994700486,0.9193520393640583
err_norm,vincent,gap_0.3,15,0.14320855555555553,0.023299008659265263,0.7777246118783058,0.7544256032190405,0.9053107238628486
err_norm,vincent,gap_0.3,16,0.14589630208333332,0.025884430825358296,0.765941669379558,0.7400572385541997,0.8880686862650397
err_norm,vincent,gap_0.3,17,0.14657284313725488,0.026991459203080215,0.7551946231937672,0.728203163990687,0.8738437967888243
err_norm,vincent,gap_0.3,18,0.15527074074074074,0.02915367623525733,0.7453520738027171,0.7161983975674597,0.8594380770809517
err_norm,vincent,gap_0.3,19,0.15825399122807016,0.026145936596939423,0.7355951104493968,0.7094491738524574,0.8513390086229489
err_norm,vincent,gap_0.3,20,0.164050375,0.02818663584400849,0.7282147604749211,0.7000281246309126,0.8400337495570951
err_norm,vincent,gap_0.3,21,0.16023126984126984,0.03018879366366045,0.7211041953766693,0.6909154017130088,0.8290984820556105
err_norm,vincent,gap_0.3,22,0.15702530303030302,0.03149790259449303,0.7139820119854623,0.6824841093909693,0.818980931269163
err_norm,vincent,gap_0.3,23,0.1545952536231884,0.029618504945462032,0.7064890634125667,0.6768705584671046,0.8122446701605256
err_norm,vincent,gap_0.3,24,0.15331173611111112,0.03128038955235346,0.7043846296696873,0.6731042401173338,0.8077250881408006
err_norm,vincent,gap_0.3,25,0.15079309999999999,0.03292153974712986,0.7017022864726463,0.6687807467255165,0.8025368960706197
err_norm,vincent,gap_0.3,26,0.15069567307692308,0.03254374379004188,0.6956992948988385,0.6631555511087966,0.795786661330556
err_norm,vincent,gap_0.3,27,0.15049617283950617,0.0340416602896394,0.6896506050786254,0.655608944788986,0.7867307337467832
err_norm,vincent,gap_0.3,28,0.1760947023809524,0.03555139652032935,0.6836073809217379,0.6480559844014085,0.7776671812816902
err_norm,vincent,gap_0.3,29,0.1726403448275862,0.033619510534630526,0.6777837809742009,0.6441642704395704,0.7729971245274844
err_norm,vincent,gap_0.3,30,0.178314,0.035097716321234707,0.6721103358612994,0.6370126195400647,0.7644151434480776
err_norm,vincent,gap_0.3,31,0.17473701612903228,0.03649531011327467,0.6717400650013352,0.6352447548880605,0.7622937058656726
err_norm,vincent,gap_0.3,32,0.17835755208333334,0.03662612093860662,0.666498052386556,0.6298719314479494,0.7558463177375393
err_norm,vincent,gap_0.3,33,0.1772906565656566,0.03791122954485271,0.6622747855899384,0.6243635560450856,0.7492362672541028
err_norm,vincent,gap_0.3,34,0.17427276960784316,0.039132588905000154,0.6606046142460054,0.6214720253410052,0.7457664304092062
err_norm,vincent,gap_0.3,35,0.17513104761904763,0.040003849992215845,0.6560304808697801,0.6160266308775643,0.7392319570530771
err_norm,vincent,gap_0.3,36,0.17552173611111113,0.039144245309296166,0.6516341524266789,0.6124899071173827,0.7349878885408593
err_norm,vincent,gap_0.3,37,0.1733334684684685,0.038455880623069594,0.6473774329466371,0.6089215523235675,0.730705862788281
err_norm,vincent,gap_0.3,38,0.16936567982456144,0.03796120440405004,0.6432939489513225,0.6053327445472725,0.7263992934567269
