t,err_weighted
0.000000,0.046354
0.020966,0.037909
0.040451,0.025161
0.059848,0.016472
0.078781,0.019888
0.099105,0.021497
0.119739,0.017731
0.139979,0.014314
0.159659,0.018980
0.180553,0.026172
0.200325,0.031404
0.218848,0.071233
0.238928,0.082637
0.259169,0.083548
0.280124,0.085699
0.299705,0.087943
0.320370,0.116624
0.340388,0.116521
0.359674,0.131236
0.378779,0.116906
0.399057,0.113177
0.418861,0.127241
0.439391,0.112530
0.459888,0.111460
0.478866,0.103166
0.499887,0.065449
0.518826,0.076525
0.539444,0.071841
0.559939,0.064774
0.580578,0.081120
0.599543,0.067915
0.620272,0.084823
0.639763,0.105316
0.658888,0.123611
0.679498,0.135753
0.699780,0.137061
0.720389,0.149625
0.739535,0.112910
0.758795,0.140479
0.779536,0.121267
0.798804,0.120829
0.819304,0.137048
0.839668,0.130057
0.859840,0.101927
0.879944,0.066475
0.900108,0.034058
0.918946,0.036993
0.938780,0.037425
0.959239,0.050570
0.979654,0.065614
1.000175,0.078629
1.019596,0.084592
1.039817,0.068128
1.060153,0.099750
1.079829,0.165616
1.098758,0.138228
1.119012,0.124091
1.139488,0.124048
1.160625,0.117888
1.180212,0.098672
1.199723,0.073997
1.219513,0.055053
1.238753,0.049815
1.259095,0.054279
1.278829,0.063972
1.299483,0.071082
1.319653,0.081627
1.339814,0.086898
1.359800,0.072628
1.378747,0.123676
1.399091,0.144422
1.419539,0.116424
1.438800,0.104643
1.459327,0.120087
1.480288,0.114608
1.499696,0.091419
1.518752,0.055002
1.539194,0.026793
1.559688,0.034246
1.579711,0.035492
1.600434,0.050612
1.619601,0.065654
1.639920,0.080999
1.658778,0.079724
1.679015,0.070132
1.699344,0.128648
1.719729,0.201360
1.739774,0.124277
1.759880,0.114935
1.779952,0.130060
1.799189,0.119410
1.818793,0.090604
1.839255,0.067242
1.859618,0.058172
1.879646,0.062042
1.899854,0.083675
1.918878,0.101760
1.939589,0.120629
1.958771,0.139129
1.979365,0.123058
1.999628,0.068679
2.020063,0.068121
2.039722,0.084884
2.059449,0.051337
2.078747,0.053049
2.098725,0.050543
2.119201,0.030403
2.139266,0.061223
2.159508,0.096794
2.179873,0.084944
2.199863,0.065742
2.219985,0.038237
2.238746,0.055432
2.259209,0.077836
2.280109,0.086880
2.299698,0.084705
2.319594,0.058772
2.339445,0.068672
2.359770,0.295969
2.380578,0.173591
2.398749,0.190126
2.419095,0.196508
2.438679,0.168004
2.459707,0.138366
2.479030,0.093266
2.499508,0.060209
2.520855,0.043957
2.538763,0.040535
2.559315,0.041306
2.579898,0.039489
2.599663,0.041715
2.619960,0.060934
2.640442,0.084566
2.658984,0.103981
2.678757,0.093480
2.699413,0.079867
2.719719,0.182368
2.739751,0.098667
2.759710,0.048203
2.779874,0.064824
2.800453,0.050522
2.819777,0.039350
2.838832,0.038088
2.859445,0.051446
2.879629,0.064212
2.898868,0.083575
2.919314,0.105828
2.940245,0.103405
2.959676,0.092439
2.978799,0.115256
2.998928,0.258473
3.019954,0.225065
3.039776,0.172284
3.059413,0.191821
3.079901,0.185135
3.099841,0.153948
3.118737,0.118799
3.139172,0.081542
3.159540,0.052918
3.179427,0.036786
3.199159,0.043554
3.219744,0.049616
3.239934,0.057734
3.258775,0.074149
3.279144,0.084692
3.299750,0.081681
3.319926,0.203504
3.339022,0.153592
3.359597,0.057876
3.379640,0.060449
3.398728,0.061849
3.419359,0.049850
3.439510,0.035290
3.459836,0.038698
3.479906,0.044823
3.499715,0.058312
3.519054,0.078742
3.538818,0.102022
3.558809,0.101404
3.579735,0.086134
3.599646,0.124464
3.619894,0.267098
3.639774,0.212011
3.659934,0.175315
3.679832,0.190105
3.698768,0.179542
3.719227,0.156733
3.739530,0.119139
3.760265,0.081274
3.779964,0.072747
3.799949,0.073536
3.819671,0.168006
3.838794,0.179049
3.858757,0.177875
3.879500,0.142712
3.899921,0.080240
3.919838,0.063316
3.939981,0.070478
3.960209,0.122986
3.979970,0.257914
3.998937,0.132973
4.019533,0.114927
4.038995,0.117431
4.059562,0.100590
4.080309,0.082526
4.100361,0.067267
4.119646,0.094905
4.138874,0.098136
4.159457,0.126191
4.179783,0.154227
4.198904,0.186983
4.219039,0.182874
4.240613,0.129972
4.259637,0.114375
4.278702,0.082100
4.299125,0.054176
4.319636,0.040524
4.339887,0.044177
4.359816,0.034003
4.378834,0.027214
4.399413,0.031643
4.418772,0.049063
4.439293,0.068895
4.460263,0.091773
4.479894,0.113577
4.500245,0.119726
4.519616,0.103442
4.539009,0.093491
4.558817,0.254715
4.579241,0.254128
4.599588,0.153662
4.619731,0.178021
4.639872,0.176291
4.660036,0.142607
4.680013,0.101452
4.699942,0.055219
4.718802,0.021958
4.739260,0.017414
4.758973,0.024507
4.778836,0.031785
4.798749,0.044686
4.818651,0.064381
4.838738,0.080481
4.858841,0.068333
4.878772,0.074172
4.898748,0.245744
4.918752,0.166542
4.938766,0.068364
4.958646,0.065883
4.978701,0.046484
4.998586,0.033394
5.018647,0.032077
5.038748,0.037540
5.058835,0.041962
5.079308,0.047112
5.098852,0.065720
5.118857,0.085685
5.138749,0.091514
5.158709,0.094882
5.178958,0.076581
5.198761,0.134278
5.218786,0.265322
5.238826,0.133358
5.258730,0.165833
5.279578,0.192967
5.298654,0.172183
5.319201,0.144027
5.338894,0.102212
5.358558,0.056254
5.378770,0.028987
5.398676,0.033778
5.418675,0.041745
5.438634,0.051196
5.458731,0.070794
5.478657,0.082343
5.498773,0.080698
5.518582,0.074416
5.538667,0.206706
5.559146,0.193673
5.578639,0.087692
5.598646,0.073289
5.618629,0.062593
5.638800,0.043092
5.658920,0.032131
5.678779,0.045053
5.698775,0.056163
5.718525,0.063933
5.738809,0.078957
5.758708,0.097423
5.778770,0.091503
5.798738,0.087840
5.818718,0.064033
5.838701,0.140004
5.858667,0.279955
5.878804,0.136451
5.898677,0.176301
5.918567,0.199221
5.938757,0.172520
5.958781,0.141363
5.978728,0.091247
5.998706,0.045642
6.018703,0.026055
6.038786,0.028699
6.058550,0.033539
6.078749,0.039787
6.098601,0.052029
6.118832,0.063763
6.138840,0.064764
6.158758,0.077792
6.178735,0.242631
6.198791,0.189678
6.218708,0.064567
6.238862,0.067581
6.258638,0.054106
6.278702,0.037301
6.298700,0.027988
6.318782,0.040262
6.338783,0.052600
6.358696,0.062682
6.378690,0.079791
6.398702,0.101694
6.418536,0.101100
6.438586,0.098671
6.458825,0.074682
6.478706,0.136653
6.498784,0.278309
6.518825,0.146851
6.538845,0.177144
6.558662,0.201549
6.578784,0.174473
6.598853,0.210791
6.618973,0.088472
6.638824,0.051978
6.658688,0.024436
6.678785,0.025377
6.698785,0.029756
6.718688,0.040687
6.738790,0.058158
6.758841,0.077486
6.778850,0.082888
6.798785,0.083222
6.818687,0.197379
6.838846,0.184374
6.858791,0.080855
6.878784,0.071769
6.898759,0.061145
6.918570,0.047142
6.938673,0.031116
6.958551,0.036847
6.978673,0.050212
6.998718,0.061625
7.018932,0.081197
7.038799,0.106011
7.059016,0.106397
7.078970,0.106070
7.098797,0.086990
7.119123,0.149400
7.139008,0.284549
7.158945,0.148067
7.178977,0.176345
7.199155,0.201455
7.219066,0.173557
7.239014,0.138683
7.258971,0.096467
7.278965,0.054489
7.299091,0.027003
7.318913,0.033378
7.338895,0.038557
7.358919,0.047129
7.379006,0.059746
7.398862,0.078603
7.418948,0.066893
7.438987,0.072281
7.458931,0.149675
7.478925,0.213967
7.498918,0.093910
7.518948,0.064130
7.539931,0.055039
7.558778,0.093497
7.578925,0.037993
7.598951,0.038784
7.618790,0.048215
7.639047,0.051536
7.658972,0.071544
7.678928,0.113092
7.698882,0.097939
7.718887,0.083911
7.738939,0.096523
7.758921,0.132522
7.778913,0.259761
7.799043,0.185352
7.818930,0.171481
7.838950,0.200244
7.858897,0.182893
7.879021,0.154256
7.899457,0.112713
7.918885,0.066502
7.938994,0.030298
7.958909,0.024260
7.978892,0.032227
7.998917,0.042398
8.019009,0.054468
8.038931,0.071739
8.058827,0.082591
8.078866,0.078689
8.098914,0.061443
8.118934,0.236511
8.138885,0.147101
8.158924,0.064992
8.179078,0.067756
8.199126,0.048008
8.219048,0.032985
8.239049,0.033808
8.259059,0.042983
8.278800,0.051474
8.299005,0.060177
8.318989,0.096022
8.338958,0.065037
8.358906,0.104134
8.378981,0.075094
8.398907,0.078501
8.418934,0.189713
8.438840,0.246469
8.458890,0.138019
8.478977,0.171204
8.498981,0.188147
8.518879,0.161990
8.538906,0.130363
8.559076,0.128285
8.579327,0.039550
8.598967,0.023793
8.618993,0.025163
8.638936,0.033609
8.658960,0.041384
8.678887,0.063511
8.699010,0.072947
8.718892,0.049818
8.738902,0.053328
8.759024,0.214722
8.778862,0.190407
8.798865,0.085337
8.819070,0.151855
8.839027,0.028820
8.858873,0.042077
8.879061,0.072847
8.899026,0.070560
8.919081,0.168365
8.938981,0.227948
8.958989,0.231925
8.978884,0.186634
8.999128,0.166768
9.018855,0.131145
9.038900,0.073547
9.059269,0.196356
9.078881,0.123543
9.098905,0.100045
9.118968,0.110229
9.138852,0.115751
9.158910,0.100358
9.178993,0.071509
9.198868,0.032665
9.219199,0.026600
9.239284,0.032716
9.258990,0.043470
9.279030,0.052333
9.299010,0.051136
9.318945,0.044325
9.339821,0.084704
9.358947,0.143983
9.378817,0.284260
9.398863,0.362390
9.418921,0.460654
9.438898,0.248375
9.458848,0.239387
9.478900,0.191484
9.499036,0.220301
9.518884,0.161236
9.539013,0.090575
9.558893,0.065705
9.578990,0.050467
9.599170,0.053709
9.618938,0.063450
9.638896,0.071222
9.658998,0.078876
9.678888,0.164051
9.698874,0.241807
9.719041,0.052927
9.739393,0.032338
9.758891,0.046563
9.778857,0.043248
9.798930,0.040754
9.818937,0.043760
9.838936,0.060634
9.858896,0.075491
9.878863,0.093751
9.898902,0.103863
9.918938,0.093198
9.938976,0.071194
9.958886,0.126057
9.978955,0.313099
9.998851,0.171247
10.018741,0.193553
10.039005,0.203992
10.059024,0.174364
10.079089,0.133708
10.098931,0.090413
10.119006,0.063398
10.138980,0.041891
10.159062,0.037555
10.178916,0.037739
10.199001,0.043874
10.218947,0.060399
10.238941,0.077317
10.258858,0.075286
10.278986,0.065588
10.299064,0.205289
10.318970,0.126973
10.338992,0.046845
10.358979,0.065819
10.379017,0.053697
10.398953,0.038563
10.418958,0.069523
10.438919,0.037756
10.459127,0.045716
10.479249,0.063663
10.499002,0.084414
10.518963,0.096338
10.538924,0.096297
10.558962,0.079411
10.578941,0.129525
10.599089,0.250223
10.618967,0.195734
10.639129,0.184450
10.658908,0.200365
10.678918,0.184667
10.698936,0.153157
10.718795,0.118166
10.738909,0.081549
10.758918,0.054522
10.779007,0.040273
10.798919,0.046413
10.818889,0.052337
10.838888,0.061045
10.859021,0.078410
10.878971,0.094778
10.898942,0.081341
10.918960,0.132647
10.938907,0.201388
10.959005,0.093862
10.978940,0.048923
10.998952,0.064719
11.018905,0.051693
11.038922,0.038364
11.058925,0.038798
11.078945,0.044972
11.098993,0.053516
11.119012,0.073556
11.138882,0.097835
11.159027,0.096600
11.178923,0.088719
11.198940,0.107062
11.219065,0.231304
11.239391,0.256661
11.258864,0.162488
11.279049,0.173896
11.298953,0.178537
11.319166,0.155108
11.339354,0.115703
11.359136,0.084722
11.379021,0.090059
11.398880,0.097977
11.418962,0.087445
11.438919,0.105294
11.458952,0.113106
11.478991,0.122210
11.498954,0.133492
11.518902,0.151559
11.538889,0.228977
11.558905,0.215953
11.579007,0.236078
11.598944,0.149878
11.619003,0.103120
11.638975,0.062249
11.658931,0.058775
11.678939,0.068019
11.699254,0.064083
11.718947,0.062573
11.738979,0.068763
11.758915,0.074299
11.778933,0.077345
11.798924,0.087224
11.818976,0.118042
11.838949,0.170662
11.858918,0.249309
11.878981,0.206023
11.898951,0.114008
11.918946,0.101753
11.938883,0.096101
11.958873,0.068542
11.978992,0.037318
11.999105,0.029606
12.019029,0.059136
12.038921,0.092892
12.059367,0.131931
12.078971,0.163160
12.098947,0.174012
12.119081,0.126303
12.138944,0.244589
12.158939,0.129484
12.178965,0.136246
12.198930,0.113089
12.219260,0.085100
12.238898,0.074672
12.258959,0.063738
12.278948,0.060855
12.299443,0.071465
12.318832,0.090796
12.339031,0.112484
12.359006,0.128694
12.378915,0.134405
12.398955,0.143222
12.418941,0.084579
12.439272,0.258941
12.458951,0.220954
12.478927,0.148709
12.498865,0.187663
12.519197,0.198181
12.538913,0.169249
12.558917,0.140186
12.578880,0.103201
12.598943,0.067605
12.619079,0.045987
12.639006,0.046908
12.659089,0.055264
12.678918,0.061438
12.698901,0.069618
12.719048,0.083547
12.738916,0.087343
12.758978,0.060282
12.778885,0.166377
12.798881,0.181181
12.818923,0.096181
12.839038,0.080920
12.858930,0.069448
12.878950,0.047386
12.899004,0.037104
12.918953,0.045455
12.938952,0.053144
12.959433,0.062686
12.978841,0.079615
12.998930,0.100072
13.018912,0.098364
13.038967,0.091255
13.059357,0.101589
13.079004,0.210453
13.098787,0.256576
13.118853,0.159378
13.138938,0.179217
13.158887,0.185177
13.178891,0.158170
13.199581,0.185088
13.219153,0.088205
13.239112,0.061444
13.259289,0.036954
13.279210,0.034940
13.299102,0.040099
13.318958,0.048830
13.338930,0.064188
13.358921,0.082889
13.378887,0.087951
13.399032,0.094657
13.418944,0.156906
13.439045,0.125412
13.459051,0.027868
13.478958,0.046027
13.499011,0.047441
13.518898,0.037200
13.539017,0.030023
13.558910,0.038735
13.578933,0.054990
13.599000,0.074590
13.618956,0.099350
13.638946,0.102514
13.658984,0.097321
13.678900,0.078623
13.698865,0.173086
13.718941,0.316111
13.738959,0.162887
13.758839,0.188103
13.778937,0.201654
